"situation","indicateur_base","formule_base (OR)","indicateur_derive","formule_derivee","imbrique_ok","condition_resolue"
"init","FretFluvCat1Request","=K473","FretFluvCat1NbTraj","=K477 * IF(ISNUMBER(SEARCH(""Une estimation du nombre annuel de trajets pour ce type de barge"", F477)),1,0)","OUI","{""operator"":""AND"",""conditions"":[{""operator"":""OR"",""conditions"":[{""type"":""contains"",""excel_indicator_id"":""ActionsCharte"",""value"":""C4""},{""type"":""contains"",""excel_indicator_id"":""ActionsAutres"",""value"":""C4""}]},{""type"":""contains"",""excel_indicator_id"":""FretFluvCat1Request"",""value"":""Une estimation du nombre annuel de trajets pour ce type de barge""}]}"
"init","FretFluvCat1Request","=K473","FretFluvCat1DistAn","=K477 * IF(ISNUMBER(SEARCH(""La distance parcourue annuellement pour ce type de barge"", F477)),1,0)","OUI","{""operator"":""AND"",""conditions"":[{""operator"":""OR"",""conditions"":[{""type"":""contains"",""excel_indicator_id"":""ActionsCharte"",""value"":""C4""},{""type"":""contains"",""excel_indicator_id"":""ActionsAutres"",""value"":""C4""}]},{""type"":""contains"",""excel_indicator_id"":""FretFluvCat1Request"",""value"":""La distance parcourue annuellement pour ce type de barge""}]}"
"init","FretFluvCat2Request","=K484","FretFluvCat2NbTraj","=K488 * IF(ISNUMBER(SEARCH(""Une estimation du nombre annuel de trajets pour ce type de barge"", F488)),1,0)","OUI","{""operator"":""AND"",""conditions"":[{""operator"":""OR"",""conditions"":[{""type"":""contains"",""excel_indicator_id"":""ActionsCharte"",""value"":""C4""},{""type"":""contains"",""excel_indicator_id"":""ActionsAutres"",""value"":""C4""}]},{""type"":""contains"",""excel_indicator_id"":""FretFluvCat2Request"",""value"":""Une estimation du nombre annuel de trajets pour ce type de barge""}]}"
"init","FretFluvCat2Request","=K484","FretFluvCat2DistAn","=K488 * IF(ISNUMBER(SEARCH(""La distance parcourue annuellement pour ce type de barge"", F488)),1,0)","OUI","{""operator"":""AND"",""conditions"":[{""operator"":""OR"",""conditions"":[{""type"":""contains"",""excel_indicator_id"":""ActionsCharte"",""value"":""C4""},{""type"":""contains"",""excel_indicator_id"":""ActionsAutres"",""value"":""C4""}]},{""type"":""contains"",""excel_indicator_id"":""FretFluvCat2Request"",""value"":""La distance parcourue annuellement pour ce type de barge""}]}"
"init","FretFluvCat3Request","=K495","FretFluvCat3NbTraj","=K499 * IF(ISNUMBER(SEARCH(""Une estimation du nombre annuel de trajets pour ce type de barge"", F499)),1,0)","OUI","{""operator"":""AND"",""conditions"":[{""operator"":""OR"",""conditions"":[{""type"":""contains"",""excel_indicator_id"":""ActionsCharte"",""value"":""C4""},{""type"":""contains"",""excel_indicator_id"":""ActionsAutres"",""value"":""C4""}]},{""type"":""contains"",""excel_indicator_id"":""FretFluvCat3Request"",""value"":""Une estimation du nombre annuel de trajets pour ce type de barge""}]}"
"init","FretFluvCat3Request","=K495","FretFluvCat3DistAn","=K499 * IF(ISNUMBER(SEARCH(""La distance parcourue annuellement pour ce type de barge"", F499)),1,0)","OUI","{""operator"":""AND"",""conditions"":[{""operator"":""OR"",""conditions"":[{""type"":""contains"",""excel_indicator_id"":""ActionsCharte"",""value"":""C4""},{""type"":""contains"",""excel_indicator_id"":""ActionsAutres"",""value"":""C4""}]},{""type"":""contains"",""excel_indicator_id"":""FretFluvCat3Request"",""value"":""La distance parcourue annuellement pour ce type de barge""}]}"
"init","FretFluvCat4Request","=K506","FretFluvCat4NbTraj","=K510 * IF(ISNUMBER(SEARCH(""Une estimation du nombre annuel de trajets pour ce type de barge"", F510)),1,0)","OUI","{""operator"":""AND"",""conditions"":[{""operator"":""OR"",""conditions"":[{""type"":""contains"",""excel_indicator_id"":""ActionsCharte"",""value"":""C4""},{""type"":""contains"",""excel_indicator_id"":""ActionsAutres"",""value"":""C4""}]},{""type"":""contains"",""excel_indicator_id"":""FretFluvCat4Request"",""value"":""Une estimation du nombre annuel de trajets pour ce type de barge""}]}"
"init","FretFluvCat4Request","=K506","FretFluvCat4DistAn","=K510 * IF(ISNUMBER(SEARCH(""La distance parcourue annuellement pour ce type de barge"", F510)),1,0)","OUI","{""operator"":""AND"",""conditions"":[{""operator"":""OR"",""conditions"":[{""type"":""contains"",""excel_indicator_id"":""ActionsCharte"",""value"":""C4""},{""type"":""contains"",""excel_indicator_id"":""ActionsAutres"",""value"":""C4""}]},{""type"":""contains"",""excel_indicator_id"":""FretFluvCat4Request"",""value"":""La distance parcourue annuellement pour ce type de barge""}]}"
"init","FretFluvCat5Request","=K517","FretFluvCat5NbTraj","=K521 * IF(ISNUMBER(SEARCH(""Une estimation du nombre annuel de trajets pour ce type de barge"", F521)),1,0)","OUI","{""operator"":""AND"",""conditions"":[{""operator"":""OR"",""conditions"":[{""type"":""contains"",""excel_indicator_id"":""ActionsCharte"",""value"":""C4""},{""type"":""contains"",""excel_indicator_id"":""ActionsAutres"",""value"":""C4""}]},{""type"":""contains"",""excel_indicator_id"":""FretFluvCat5Request"",""value"":""Une estimation du nombre annuel de trajets pour ce type de barge""}]}"
"init","FretFluvCat5Request","=K517","FretFluvCat5DistAn","=K521 * IF(ISNUMBER(SEARCH(""La distance parcourue annuellement pour ce type de barge"", F521)),1,0)","OUI","{""operator"":""AND"",""conditions"":[{""operator"":""OR"",""conditions"":[{""type"":""contains"",""excel_indicator_id"":""ActionsCharte"",""value"":""C4""},{""type"":""contains"",""excel_indicator_id"":""ActionsAutres"",""value"":""C4""}]},{""type"":""contains"",""excel_indicator_id"":""FretFluvCat5Request"",""value"":""La distance parcourue annuellement pour ce type de barge""}]}"
"init","FretFluvCat6Request","=K528","FretFluvCat6NbTraj","=K532 * IF(ISNUMBER(SEARCH(""Une estimation du nombre annuel de trajets pour ce type de barge"", F532)),1,0)","OUI","{""operator"":""AND"",""conditions"":[{""operator"":""OR"",""conditions"":[{""type"":""contains"",""excel_indicator_id"":""ActionsCharte"",""value"":""C4""},{""type"":""contains"",""excel_indicator_id"":""ActionsAutres"",""value"":""C4""}]},{""type"":""contains"",""excel_indicator_id"":""FretFluvCat6Request"",""value"":""Une estimation du nombre annuel de trajets pour ce type de barge""}]}"
"init","FretFluvCat6Request","=K528","FretFluvCat6DistAn","=K532 * IF(ISNUMBER(SEARCH(""La distance parcourue annuellement pour ce type de barge"", F532)),1,0)","OUI","{""operator"":""AND"",""conditions"":[{""operator"":""OR"",""conditions"":[{""type"":""contains"",""excel_indicator_id"":""ActionsCharte"",""value"":""C4""},{""type"":""contains"",""excel_indicator_id"":""ActionsAutres"",""value"":""C4""}]},{""type"":""contains"",""excel_indicator_id"":""FretFluvCat6Request"",""value"":""La distance parcourue annuellement pour ce type de barge""}]}"
"init","FretFluvCat7Request","=K539","FretFluvCat7NbTraj","=K543 * IF(ISNUMBER(SEARCH(""Une estimation du nombre annuel de trajets pour ce type de barge"", F543)),1,0)","OUI","{""operator"":""AND"",""conditions"":[{""operator"":""OR"",""conditions"":[{""type"":""contains"",""excel_indicator_id"":""ActionsCharte"",""value"":""C4""},{""type"":""contains"",""excel_indicator_id"":""ActionsAutres"",""value"":""C4""}]},{""type"":""contains"",""excel_indicator_id"":""FretFluvCat7Request"",""value"":""Une estimation du nombre annuel de trajets pour ce type de barge""}]}"
"init","FretFluvCat7Request","=K539","FretFluvCat7DistAn","=K543 * IF(ISNUMBER(SEARCH(""La distance parcourue annuellement pour ce type de barge"", F543)),1,0)","OUI","{""operator"":""AND"",""conditions"":[{""operator"":""OR"",""conditions"":[{""type"":""contains"",""excel_indicator_id"":""ActionsCharte"",""value"":""C4""},{""type"":""contains"",""excel_indicator_id"":""ActionsAutres"",""value"":""C4""}]},{""type"":""contains"",""excel_indicator_id"":""FretFluvCat7Request"",""value"":""La distance parcourue annuellement pour ce type de barge""}]}"
"init","FretFluvCat8Request","=K550","FretFluvCat8NbTraj","=K554 * IF(ISNUMBER(SEARCH(""Une estimation du nombre annuel de trajets pour ce type de barge"", F554)),1,0)","OUI","{""operator"":""AND"",""conditions"":[{""operator"":""OR"",""conditions"":[{""type"":""contains"",""excel_indicator_id"":""ActionsCharte"",""value"":""C4""},{""type"":""contains"",""excel_indicator_id"":""ActionsAutres"",""value"":""C4""}]},{""type"":""contains"",""excel_indicator_id"":""FretFluvCat8Request"",""value"":""Une estimation du nombre annuel de trajets pour ce type de barge""}]}"
"init","FretFluvCat8Request","=K550","FretFluvCat8DistAn","=K554 * IF(ISNUMBER(SEARCH(""La distance parcourue annuellement pour ce type de barge"", F554)),1,0)","OUI","{""operator"":""AND"",""conditions"":[{""operator"":""OR"",""conditions"":[{""type"":""contains"",""excel_indicator_id"":""ActionsCharte"",""value"":""C4""},{""type"":""contains"",""excel_indicator_id"":""ActionsAutres"",""value"":""C4""}]},{""type"":""contains"",""excel_indicator_id"":""FretFluvCat8Request"",""value"":""La distance parcourue annuellement pour ce type de barge""}]}"
"init","FretFluvCat9Request","=K561","FretFluvCat9NbTraj","=K565 * IF(ISNUMBER(SEARCH(""Une estimation du nombre annuel de trajets pour ce type de barge"", F565)),1,0)","OUI","{""operator"":""AND"",""conditions"":[{""operator"":""OR"",""conditions"":[{""type"":""contains"",""excel_indicator_id"":""ActionsCharte"",""value"":""C4""},{""type"":""contains"",""excel_indicator_id"":""ActionsAutres"",""value"":""C4""}]},{""type"":""contains"",""excel_indicator_id"":""FretFluvCat9Request"",""value"":""Une estimation du nombre annuel de trajets pour ce type de barge""}]}"
"init","FretFluvCat9Request","=K561","FretFluvCat9DistAn","=K565 * IF(ISNUMBER(SEARCH(""La distance parcourue annuellement pour ce type de barge"", F565)),1,0)","OUI","{""operator"":""AND"",""conditions"":[{""operator"":""OR"",""conditions"":[{""type"":""contains"",""excel_indicator_id"":""ActionsCharte"",""value"":""C4""},{""type"":""contains"",""excel_indicator_id"":""ActionsAutres"",""value"":""C4""}]},{""type"":""contains"",""excel_indicator_id"":""FretFluvCat9Request"",""value"":""La distance parcourue annuellement pour ce type de barge""}]}"
"init","FretFluvCat10Request","=K572","FretFluvCat10NbTraj","=K576 * IF(ISNUMBER(SEARCH(""Une estimation du nombre annuel de trajets pour ce type de barge"", F576)),1,0)","OUI","{""operator"":""AND"",""conditions"":[{""operator"":""OR"",""conditions"":[{""type"":""contains"",""excel_indicator_id"":""ActionsCharte"",""value"":""C4""},{""type"":""contains"",""excel_indicator_id"":""ActionsAutres"",""value"":""C4""}]},{""type"":""contains"",""excel_indicator_id"":""FretFluvCat10Request"",""value"":""Une estimation du nombre annuel de trajets pour ce type de barge""}]}"
"init","FretFluvCat10Request","=K572","FretFluvCat10DistAn","=K576 * IF(ISNUMBER(SEARCH(""La distance parcourue annuellement pour ce type de barge"", F576)),1,0)","OUI","{""operator"":""AND"",""conditions"":[{""operator"":""OR"",""conditions"":[{""type"":""contains"",""excel_indicator_id"":""ActionsCharte"",""value"":""C4""},{""type"":""contains"",""excel_indicator_id"":""ActionsAutres"",""value"":""C4""}]},{""type"":""contains"",""excel_indicator_id"":""FretFluvCat10Request"",""value"":""La distance parcourue annuellement pour ce type de barge""}]}"
"init","FretFluvCat11Request","=K583","FretFluvCat11NbTraj","=K587 * IF(ISNUMBER(SEARCH(""Une estimation du nombre annuel de trajets pour ce type de barge"", F587)),1,0)","OUI","{""operator"":""AND"",""conditions"":[{""operator"":""OR"",""conditions"":[{""type"":""contains"",""excel_indicator_id"":""ActionsCharte"",""value"":""C4""},{""type"":""contains"",""excel_indicator_id"":""ActionsAutres"",""value"":""C4""}]},{""type"":""contains"",""excel_indicator_id"":""FretFluvCat11Request"",""value"":""Une estimation du nombre annuel de trajets pour ce type de barge""}]}"
"init","FretFluvCat11Request","=K583","FretFluvCat11DistAn","=K587 * IF(ISNUMBER(SEARCH(""La distance parcourue annuellement pour ce type de barge"", F587)),1,0)","OUI","{""operator"":""AND"",""conditions"":[{""operator"":""OR"",""conditions"":[{""type"":""contains"",""excel_indicator_id"":""ActionsCharte"",""value"":""C4""},{""type"":""contains"",""excel_indicator_id"":""ActionsAutres"",""value"":""C4""}]},{""type"":""contains"",""excel_indicator_id"":""FretFluvCat11Request"",""value"":""La distance parcourue annuellement pour ce type de barge""}]}"
"init","FretFluvCat12Request","=K594","FretFluvCat12NbTraj","=K598 * IF(ISNUMBER(SEARCH(""Une estimation du nombre annuel de trajets pour ce type de barge"", F598)),1,0)","OUI","{""operator"":""AND"",""conditions"":[{""operator"":""OR"",""conditions"":[{""type"":""contains"",""excel_indicator_id"":""ActionsCharte"",""value"":""C4""},{""type"":""contains"",""excel_indicator_id"":""ActionsAutres"",""value"":""C4""}]},{""type"":""contains"",""excel_indicator_id"":""FretFluvCat12Request"",""value"":""Une estimation du nombre annuel de trajets pour ce type de barge""}]}"
"init","FretFluvCat12Request","=K594","FretFluvCat12DistAn","=K598 * IF(ISNUMBER(SEARCH(""La distance parcourue annuellement pour ce type de barge"", F598)),1,0)","OUI","{""operator"":""AND"",""conditions"":[{""operator"":""OR"",""conditions"":[{""type"":""contains"",""excel_indicator_id"":""ActionsCharte"",""value"":""C4""},{""type"":""contains"",""excel_indicator_id"":""ActionsAutres"",""value"":""C4""}]},{""type"":""contains"",""excel_indicator_id"":""FretFluvCat12Request"",""value"":""La distance parcourue annuellement pour ce type de barge""}]}"
"init","FretFluvCat13Request","=K605","FretFluvCat13NbTraj","=K609 * IF(ISNUMBER(SEARCH(""Une estimation du nombre annuel de trajets pour ce type de barge"", F609)),1,0)","OUI","{""operator"":""AND"",""conditions"":[{""operator"":""OR"",""conditions"":[{""type"":""contains"",""excel_indicator_id"":""ActionsCharte"",""value"":""C4""},{""type"":""contains"",""excel_indicator_id"":""ActionsAutres"",""value"":""C4""}]},{""type"":""contains"",""excel_indicator_id"":""FretFluvCat13Request"",""value"":""Une estimation du nombre annuel de trajets pour ce type de barge""}]}"
"init","FretFluvCat13Request","=K605","FretFluvCat13DistAn","=K609 * IF(ISNUMBER(SEARCH(""La distance parcourue annuellement pour ce type de barge"", F609)),1,0)","OUI","{""operator"":""AND"",""conditions"":[{""operator"":""OR"",""conditions"":[{""type"":""contains"",""excel_indicator_id"":""ActionsCharte"",""value"":""C4""},{""type"":""contains"",""excel_indicator_id"":""ActionsAutres"",""value"":""C4""}]},{""type"":""contains"",""excel_indicator_id"":""FretFluvCat13Request"",""value"":""La distance parcourue annuellement pour ce type de barge""}]}"
"init","FretFluvCat14Request","=K616","FretFluvCat14NbTraj","=K620 * IF(ISNUMBER(SEARCH(""Une estimation du nombre annuel de trajets pour ce type de barge"", F620)),1,0)","OUI","{""operator"":""AND"",""conditions"":[{""operator"":""OR"",""conditions"":[{""type"":""contains"",""excel_indicator_id"":""ActionsCharte"",""value"":""C4""},{""type"":""contains"",""excel_indicator_id"":""ActionsAutres"",""value"":""C4""}]},{""type"":""contains"",""excel_indicator_id"":""FretFluvCat14Request"",""value"":""Une estimation du nombre annuel de trajets pour ce type de barge""}]}"
"init","FretFluvCat14Request","=K616","FretFluvCat14DistAn","=K620 * IF(ISNUMBER(SEARCH(""La distance parcourue annuellement pour ce type de barge"", F620)),1,0)","OUI","{""operator"":""AND"",""conditions"":[{""operator"":""OR"",""conditions"":[{""type"":""contains"",""excel_indicator_id"":""ActionsCharte"",""value"":""C4""},{""type"":""contains"",""excel_indicator_id"":""ActionsAutres"",""value"":""C4""}]},{""type"":""contains"",""excel_indicator_id"":""FretFluvCat14Request"",""value"":""La distance parcourue annuellement pour ce type de barge""}]}"
"init","FretFluvCat15Request","=K627","FretFluvCat15NbTraj","=K631 * IF(ISNUMBER(SEARCH(""Une estimation du nombre annuel de trajets pour ce type de barge"", F631)),1,0)","OUI","{""operator"":""AND"",""conditions"":[{""operator"":""OR"",""conditions"":[{""type"":""contains"",""excel_indicator_id"":""ActionsCharte"",""value"":""C4""},{""type"":""contains"",""excel_indicator_id"":""ActionsAutres"",""value"":""C4""}]},{""type"":""contains"",""excel_indicator_id"":""FretFluvCat15Request"",""value"":""Une estimation du nombre annuel de trajets pour ce type de barge""}]}"
"init","FretFluvCat15Request","=K627","FretFluvCat15DistAn","=K631 * IF(ISNUMBER(SEARCH(""La distance parcourue annuellement pour ce type de barge"", F631)),1,0)","OUI","{""operator"":""AND"",""conditions"":[{""operator"":""OR"",""conditions"":[{""type"":""contains"",""excel_indicator_id"":""ActionsCharte"",""value"":""C4""},{""type"":""contains"",""excel_indicator_id"":""ActionsAutres"",""value"":""C4""}]},{""type"":""contains"",""excel_indicator_id"":""FretFluvCat15Request"",""value"":""La distance parcourue annuellement pour ce type de barge""}]}"
"init","FretFluvCat16Request","=K638","FretFluvCat16NbTraj","=K642 * IF(ISNUMBER(SEARCH(""Une estimation du nombre annuel de trajets pour ce type de barge"", F642)),1,0)","OUI","{""operator"":""AND"",""conditions"":[{""operator"":""OR"",""conditions"":[{""type"":""contains"",""excel_indicator_id"":""ActionsCharte"",""value"":""C4""},{""type"":""contains"",""excel_indicator_id"":""ActionsAutres"",""value"":""C4""}]},{""type"":""contains"",""excel_indicator_id"":""FretFluvCat16Request"",""value"":""Une estimation du nombre annuel de trajets pour ce type de barge""}]}"
"init","FretFluvCat16Request","=K638","FretFluvCat16DistAn","=K642 * IF(ISNUMBER(SEARCH(""La distance parcourue annuellement pour ce type de barge"", F642)),1,0)","OUI","{""operator"":""AND"",""conditions"":[{""operator"":""OR"",""conditions"":[{""type"":""contains"",""excel_indicator_id"":""ActionsCharte"",""value"":""C4""},{""type"":""contains"",""excel_indicator_id"":""ActionsAutres"",""value"":""C4""}]},{""type"":""contains"",""excel_indicator_id"":""FretFluvCat16Request"",""value"":""La distance parcourue annuellement pour ce type de barge""}]}"
"init","FretFluvCat17Request","=K649","FretFluvCat17NbTraj","=K653 * IF(ISNUMBER(SEARCH(""Une estimation du nombre annuel de trajets pour ce type de barge"", F653)),1,0)","OUI","{""operator"":""AND"",""conditions"":[{""operator"":""OR"",""conditions"":[{""type"":""contains"",""excel_indicator_id"":""ActionsCharte"",""value"":""C4""},{""type"":""contains"",""excel_indicator_id"":""ActionsAutres"",""value"":""C4""}]},{""type"":""contains"",""excel_indicator_id"":""FretFluvCat17Request"",""value"":""Une estimation du nombre annuel de trajets pour ce type de barge""}]}"
"init","FretFluvCat17Request","=K649","FretFluvCat17DistAn","=K653 * IF(ISNUMBER(SEARCH(""La distance parcourue annuellement pour ce type de barge"", F653)),1,0)","OUI","{""operator"":""AND"",""conditions"":[{""operator"":""OR"",""conditions"":[{""type"":""contains"",""excel_indicator_id"":""ActionsCharte"",""value"":""C4""},{""type"":""contains"",""excel_indicator_id"":""ActionsAutres"",""value"":""C4""}]},{""type"":""contains"",""excel_indicator_id"":""FretFluvCat17Request"",""value"":""La distance parcourue annuellement pour ce type de barge""}]}"
"init","FretFluvCat18Request","=K660","FretFluvCat18NbTraj","=K664 * IF(ISNUMBER(SEARCH(""Une estimation du nombre annuel de trajets pour ce type de barge"", F664)),1,0)","OUI","{""operator"":""AND"",""conditions"":[{""operator"":""OR"",""conditions"":[{""type"":""contains"",""excel_indicator_id"":""ActionsCharte"",""value"":""C4""},{""type"":""contains"",""excel_indicator_id"":""ActionsAutres"",""value"":""C4""}]},{""type"":""contains"",""excel_indicator_id"":""FretFluvCat18Request"",""value"":""Une estimation du nombre annuel de trajets pour ce type de barge""}]}"
"init","FretFluvCat18Request","=K660","FretFluvCat18DistAn","=K664 * IF(ISNUMBER(SEARCH(""La distance parcourue annuellement pour ce type de barge"", F664)),1,0)","OUI","{""operator"":""AND"",""conditions"":[{""operator"":""OR"",""conditions"":[{""type"":""contains"",""excel_indicator_id"":""ActionsCharte"",""value"":""C4""},{""type"":""contains"",""excel_indicator_id"":""ActionsAutres"",""value"":""C4""}]},{""type"":""contains"",""excel_indicator_id"":""FretFluvCat18Request"",""value"":""La distance parcourue annuellement pour ce type de barge""}]}"
"init","FretFluvCat19Request","=K671","FretFluvCat19NbTraj","=K675 * IF(ISNUMBER(SEARCH(""Une estimation du nombre annuel de trajets pour ce type de barge"", F675)),1,0)","OUI","{""operator"":""AND"",""conditions"":[{""operator"":""OR"",""conditions"":[{""type"":""contains"",""excel_indicator_id"":""ActionsCharte"",""value"":""C4""},{""type"":""contains"",""excel_indicator_id"":""ActionsAutres"",""value"":""C4""}]},{""type"":""contains"",""excel_indicator_id"":""FretFluvCat19Request"",""value"":""Une estimation du nombre annuel de trajets pour ce type de barge""}]}"
"init","FretFluvCat19Request","=K671","FretFluvCat19DistAn","=K675 * IF(ISNUMBER(SEARCH(""La distance parcourue annuellement pour ce type de barge"", F675)),1,0)","OUI","{""operator"":""AND"",""conditions"":[{""operator"":""OR"",""conditions"":[{""type"":""contains"",""excel_indicator_id"":""ActionsCharte"",""value"":""C4""},{""type"":""contains"",""excel_indicator_id"":""ActionsAutres"",""value"":""C4""}]},{""type"":""contains"",""excel_indicator_id"":""FretFluvCat19Request"",""value"":""La distance parcourue annuellement pour ce type de barge""}]}"
"init","FretFluvCat20Request","=K682","FretFluvCat20NbTraj","=K686 * IF(ISNUMBER(SEARCH(""Une estimation du nombre annuel de trajets pour ce type de barge"", F686)),1,0)","OUI","{""operator"":""AND"",""conditions"":[{""operator"":""OR"",""conditions"":[{""type"":""contains"",""excel_indicator_id"":""ActionsCharte"",""value"":""C4""},{""type"":""contains"",""excel_indicator_id"":""ActionsAutres"",""value"":""C4""}]},{""type"":""contains"",""excel_indicator_id"":""FretFluvCat20Request"",""value"":""Une estimation du nombre annuel de trajets pour ce type de barge""}]}"
"init","FretFluvCat20Request","=K682","FretFluvCat20DistAn","=K686 * IF(ISNUMBER(SEARCH(""La distance parcourue annuellement pour ce type de barge"", F686)),1,0)","OUI","{""operator"":""AND"",""conditions"":[{""operator"":""OR"",""conditions"":[{""type"":""contains"",""excel_indicator_id"":""ActionsCharte"",""value"":""C4""},{""type"":""contains"",""excel_indicator_id"":""ActionsAutres"",""value"":""C4""}]},{""type"":""contains"",""excel_indicator_id"":""FretFluvCat20Request"",""value"":""La distance parcourue annuellement pour ce type de barge""}]}"
"init","FretFluvCat21Request","=K693","FretFluvCat21NbTraj","=K697 * IF(ISNUMBER(SEARCH(""Une estimation du nombre annuel de trajets pour ce type de barge"", F697)),1,0)","OUI","{""operator"":""AND"",""conditions"":[{""operator"":""OR"",""conditions"":[{""type"":""contains"",""excel_indicator_id"":""ActionsCharte"",""value"":""C4""},{""type"":""contains"",""excel_indicator_id"":""ActionsAutres"",""value"":""C4""}]},{""type"":""contains"",""excel_indicator_id"":""FretFluvCat21Request"",""value"":""Une estimation du nombre annuel de trajets pour ce type de barge""}]}"
"init","FretFluvCat21Request","=K693","FretFluvCat21DistAn","=K697 * IF(ISNUMBER(SEARCH(""La distance parcourue annuellement pour ce type de barge"", F697)),1,0)","OUI","{""operator"":""AND"",""conditions"":[{""operator"":""OR"",""conditions"":[{""type"":""contains"",""excel_indicator_id"":""ActionsCharte"",""value"":""C4""},{""type"":""contains"",""excel_indicator_id"":""ActionsAutres"",""value"":""C4""}]},{""type"":""contains"",""excel_indicator_id"":""FretFluvCat21Request"",""value"":""La distance parcourue annuellement pour ce type de barge""}]}"
"init","FretFluvCat22Request","=K704","FretFluvCat22NbTraj","=K708 * IF(ISNUMBER(SEARCH(""Une estimation du nombre annuel de trajets pour ce type de barge"", F708)),1,0)","OUI","{""operator"":""AND"",""conditions"":[{""operator"":""OR"",""conditions"":[{""type"":""contains"",""excel_indicator_id"":""ActionsCharte"",""value"":""C4""},{""type"":""contains"",""excel_indicator_id"":""ActionsAutres"",""value"":""C4""}]},{""type"":""contains"",""excel_indicator_id"":""FretFluvCat22Request"",""value"":""Une estimation du nombre annuel de trajets pour ce type de barge""}]}"
"init","FretFluvCat22Request","=K704","FretFluvCat22DistAn","=K708 * IF(ISNUMBER(SEARCH(""La distance parcourue annuellement pour ce type de barge"", F708)),1,0)","OUI","{""operator"":""AND"",""conditions"":[{""operator"":""OR"",""conditions"":[{""type"":""contains"",""excel_indicator_id"":""ActionsCharte"",""value"":""C4""},{""type"":""contains"",""excel_indicator_id"":""ActionsAutres"",""value"":""C4""}]},{""type"":""contains"",""excel_indicator_id"":""FretFluvCat22Request"",""value"":""La distance parcourue annuellement pour ce type de barge""}]}"
"init","FretFluvCat23Request","=K715","FretFluvCat23NbTraj","=K719 * IF(ISNUMBER(SEARCH(""Une estimation du nombre annuel de trajets pour ce type de barge"", F719)),1,0)","OUI","{""operator"":""AND"",""conditions"":[{""operator"":""OR"",""conditions"":[{""type"":""contains"",""excel_indicator_id"":""ActionsCharte"",""value"":""C4""},{""type"":""contains"",""excel_indicator_id"":""ActionsAutres"",""value"":""C4""}]},{""type"":""contains"",""excel_indicator_id"":""FretFluvCat23Request"",""value"":""Une estimation du nombre annuel de trajets pour ce type de barge""}]}"
"init","FretFluvCat23Request","=K715","FretFluvCat23DistAn","=K719 * IF(ISNUMBER(SEARCH(""La distance parcourue annuellement pour ce type de barge"", F719)),1,0)","OUI","{""operator"":""AND"",""conditions"":[{""operator"":""OR"",""conditions"":[{""type"":""contains"",""excel_indicator_id"":""ActionsCharte"",""value"":""C4""},{""type"":""contains"",""excel_indicator_id"":""ActionsAutres"",""value"":""C4""}]},{""type"":""contains"",""excel_indicator_id"":""FretFluvCat23Request"",""value"":""La distance parcourue annuellement pour ce type de barge""}]}"
"init","FretFluvCat24Request","=K726","FretFluvCat24NbTraj","=K730 * IF(ISNUMBER(SEARCH(""Une estimation du nombre annuel de trajets pour ce type de barge"", F730)),1,0)","OUI","{""operator"":""AND"",""conditions"":[{""operator"":""OR"",""conditions"":[{""type"":""contains"",""excel_indicator_id"":""ActionsCharte"",""value"":""C4""},{""type"":""contains"",""excel_indicator_id"":""ActionsAutres"",""value"":""C4""}]},{""type"":""contains"",""excel_indicator_id"":""FretFluvCat24Request"",""value"":""Une estimation du nombre annuel de trajets pour ce type de barge""}]}"
"init","FretFluvCat24Request","=K726","FretFluvCat24DistAn","=K730 * IF(ISNUMBER(SEARCH(""La distance parcourue annuellement pour ce type de barge"", F730)),1,0)","OUI","{""operator"":""AND"",""conditions"":[{""operator"":""OR"",""conditions"":[{""type"":""contains"",""excel_indicator_id"":""ActionsCharte"",""value"":""C4""},{""type"":""contains"",""excel_indicator_id"":""ActionsAutres"",""value"":""C4""}]},{""type"":""contains"",""excel_indicator_id"":""FretFluvCat24Request"",""value"":""La distance parcourue annuellement pour ce type de barge""}]}"
"init","FretFluvCat25Request","=K737","FretFluvCat25NbTraj","=K741 * IF(ISNUMBER(SEARCH(""Une estimation du nombre annuel de trajets pour ce type de barge"", F741)),1,0)","OUI","{""operator"":""AND"",""conditions"":[{""operator"":""OR"",""conditions"":[{""type"":""contains"",""excel_indicator_id"":""ActionsCharte"",""value"":""C4""},{""type"":""contains"",""excel_indicator_id"":""ActionsAutres"",""value"":""C4""}]},{""type"":""contains"",""excel_indicator_id"":""FretFluvCat25Request"",""value"":""Une estimation du nombre annuel de trajets pour ce type de barge""}]}"
"init","FretFluvCat25Request","=K737","FretFluvCat25DistAn","=K741 * IF(ISNUMBER(SEARCH(""La distance parcourue annuellement pour ce type de barge"", F741)),1,0)","OUI","{""operator"":""AND"",""conditions"":[{""operator"":""OR"",""conditions"":[{""type"":""contains"",""excel_indicator_id"":""ActionsCharte"",""value"":""C4""},{""type"":""contains"",""excel_indicator_id"":""ActionsAutres"",""value"":""C4""}]},{""type"":""contains"",""excel_indicator_id"":""FretFluvCat25Request"",""value"":""La distance parcourue annuellement pour ce type de barge""}]}"
"init","FretFluvCat26Request","=K748","FretFluvCat26NbTraj","=K752 * IF(ISNUMBER(SEARCH(""Une estimation du nombre annuel de trajets pour ce type de barge"", F752)),1,0)","OUI","{""operator"":""AND"",""conditions"":[{""operator"":""OR"",""conditions"":[{""type"":""contains"",""excel_indicator_id"":""ActionsCharte"",""value"":""C4""},{""type"":""contains"",""excel_indicator_id"":""ActionsAutres"",""value"":""C4""}]},{""type"":""contains"",""excel_indicator_id"":""FretFluvCat26Request"",""value"":""Une estimation du nombre annuel de trajets pour ce type de barge""}]}"
"init","FretFluvCat26Request","=K748","FretFluvCat26DistAn","=K752 * IF(ISNUMBER(SEARCH(""La distance parcourue annuellement pour ce type de barge"", F752)),1,0)","OUI","{""operator"":""AND"",""conditions"":[{""operator"":""OR"",""conditions"":[{""type"":""contains"",""excel_indicator_id"":""ActionsCharte"",""value"":""C4""},{""type"":""contains"",""excel_indicator_id"":""ActionsAutres"",""value"":""C4""}]},{""type"":""contains"",""excel_indicator_id"":""FretFluvCat26Request"",""value"":""La distance parcourue annuellement pour ce type de barge""}]}"
"init","FretFluvCat27Request","=K759","FretFluvCat27NbTraj","=K763 * IF(ISNUMBER(SEARCH(""Une estimation du nombre annuel de trajets pour ce type de barge"", F763)),1,0)","OUI","{""operator"":""AND"",""conditions"":[{""operator"":""OR"",""conditions"":[{""type"":""contains"",""excel_indicator_id"":""ActionsCharte"",""value"":""C4""},{""type"":""contains"",""excel_indicator_id"":""ActionsAutres"",""value"":""C4""}]},{""type"":""contains"",""excel_indicator_id"":""FretFluvCat27Request"",""value"":""Une estimation du nombre annuel de trajets pour ce type de barge""}]}"
"init","FretFluvCat27Request","=K759","FretFluvCat27DistAn","=K763 * IF(ISNUMBER(SEARCH(""La distance parcourue annuellement pour ce type de barge"", F763)),1,0)","OUI","{""operator"":""AND"",""conditions"":[{""operator"":""OR"",""conditions"":[{""type"":""contains"",""excel_indicator_id"":""ActionsCharte"",""value"":""C4""},{""type"":""contains"",""excel_indicator_id"":""ActionsAutres"",""value"":""C4""}]},{""type"":""contains"",""excel_indicator_id"":""FretFluvCat27Request"",""value"":""La distance parcourue annuellement pour ce type de barge""}]}"
"init","FretFluvCat28Request","=K770","FretFluvCat28NbTraj","=K774 * IF(ISNUMBER(SEARCH(""Une estimation du nombre annuel de trajets pour ce type de barge"", F774)),1,0)","OUI","{""operator"":""AND"",""conditions"":[{""operator"":""OR"",""conditions"":[{""type"":""contains"",""excel_indicator_id"":""ActionsCharte"",""value"":""C4""},{""type"":""contains"",""excel_indicator_id"":""ActionsAutres"",""value"":""C4""}]},{""type"":""contains"",""excel_indicator_id"":""FretFluvCat28Request"",""value"":""Une estimation du nombre annuel de trajets pour ce type de barge""}]}"
"init","FretFluvCat28Request","=K770","FretFluvCat28DistAn","=K774 * IF(ISNUMBER(SEARCH(""La distance parcourue annuellement pour ce type de barge"", F774)),1,0)","OUI","{""operator"":""AND"",""conditions"":[{""operator"":""OR"",""conditions"":[{""type"":""contains"",""excel_indicator_id"":""ActionsCharte"",""value"":""C4""},{""type"":""contains"",""excel_indicator_id"":""ActionsAutres"",""value"":""C4""}]},{""type"":""contains"",""excel_indicator_id"":""FretFluvCat28Request"",""value"":""La distance parcourue annuellement pour ce type de barge""}]}"
"init","FretFluvCat29Request","=K781","FretFluvCat29NbTraj","=K785 * IF(ISNUMBER(SEARCH(""Une estimation du nombre annuel de trajets pour ce type de barge"", F785)),1,0)","OUI","{""operator"":""AND"",""conditions"":[{""operator"":""OR"",""conditions"":[{""type"":""contains"",""excel_indicator_id"":""ActionsCharte"",""value"":""C4""},{""type"":""contains"",""excel_indicator_id"":""ActionsAutres"",""value"":""C4""}]},{""type"":""contains"",""excel_indicator_id"":""FretFluvCat29Request"",""value"":""Une estimation du nombre annuel de trajets pour ce type de barge""}]}"
"init","FretFluvCat29Request","=K781","FretFluvCat29DistAn","=K785 * IF(ISNUMBER(SEARCH(""La distance parcourue annuellement pour ce type de barge"", F785)),1,0)","OUI","{""operator"":""AND"",""conditions"":[{""operator"":""OR"",""conditions"":[{""type"":""contains"",""excel_indicator_id"":""ActionsCharte"",""value"":""C4""},{""type"":""contains"",""excel_indicator_id"":""ActionsAutres"",""value"":""C4""}]},{""type"":""contains"",""excel_indicator_id"":""FretFluvCat29Request"",""value"":""La distance parcourue annuellement pour ce type de barge""}]}"
"init","FretFluvCat30Request","=K792","FretFluvCat30NbTraj","=K796 * IF(ISNUMBER(SEARCH(""Une estimation du nombre annuel de trajets pour ce type de barge"", F796)),1,0)","OUI","{""operator"":""AND"",""conditions"":[{""operator"":""OR"",""conditions"":[{""type"":""contains"",""excel_indicator_id"":""ActionsCharte"",""value"":""C4""},{""type"":""contains"",""excel_indicator_id"":""ActionsAutres"",""value"":""C4""}]},{""type"":""contains"",""excel_indicator_id"":""FretFluvCat30Request"",""value"":""Une estimation du nombre annuel de trajets pour ce type de barge""}]}"
"init","FretFluvCat30Request","=K792","FretFluvCat30DistAn","=K796 * IF(ISNUMBER(SEARCH(""La distance parcourue annuellement pour ce type de barge"", F796)),1,0)","OUI","{""operator"":""AND"",""conditions"":[{""operator"":""OR"",""conditions"":[{""type"":""contains"",""excel_indicator_id"":""ActionsCharte"",""value"":""C4""},{""type"":""contains"",""excel_indicator_id"":""ActionsAutres"",""value"":""C4""}]},{""type"":""contains"",""excel_indicator_id"":""FretFluvCat30Request"",""value"":""La distance parcourue annuellement pour ce type de barge""}]}"
"init","FretFluvCat31Request","=K803","FretFluvCat31NbTraj","=K807 * IF(ISNUMBER(SEARCH(""Une estimation du nombre annuel de trajets pour ce type de barge"", F807)),1,0)","OUI","{""operator"":""AND"",""conditions"":[{""operator"":""OR"",""conditions"":[{""type"":""contains"",""excel_indicator_id"":""ActionsCharte"",""value"":""C4""},{""type"":""contains"",""excel_indicator_id"":""ActionsAutres"",""value"":""C4""}]},{""type"":""contains"",""excel_indicator_id"":""FretFluvCat31Request"",""value"":""Une estimation du nombre annuel de trajets pour ce type de barge""}]}"
"init","FretFluvCat31Request","=K803","FretFluvCat31DistAn","=K807 * IF(ISNUMBER(SEARCH(""La distance parcourue annuellement pour ce type de barge"", F807)),1,0)","OUI","{""operator"":""AND"",""conditions"":[{""operator"":""OR"",""conditions"":[{""type"":""contains"",""excel_indicator_id"":""ActionsCharte"",""value"":""C4""},{""type"":""contains"",""excel_indicator_id"":""ActionsAutres"",""value"":""C4""}]},{""type"":""contains"",""excel_indicator_id"":""FretFluvCat31Request"",""value"":""La distance parcourue annuellement pour ce type de barge""}]}"
"init","FretFluvCat32Request","=K814","FretFluvCat32NbTraj","=K818 * IF(ISNUMBER(SEARCH(""Une estimation du nombre annuel de trajets pour ce type de barge"", F818)),1,0)","OUI","{""operator"":""AND"",""conditions"":[{""operator"":""OR"",""conditions"":[{""type"":""contains"",""excel_indicator_id"":""ActionsCharte"",""value"":""C4""},{""type"":""contains"",""excel_indicator_id"":""ActionsAutres"",""value"":""C4""}]},{""type"":""contains"",""excel_indicator_id"":""FretFluvCat32Request"",""value"":""Une estimation du nombre annuel de trajets pour ce type de barge""}]}"
"init","FretFluvCat32Request","=K814","FretFluvCat32DistAn","=K818 * IF(ISNUMBER(SEARCH(""La distance parcourue annuellement pour ce type de barge"", F818)),1,0)","OUI","{""operator"":""AND"",""conditions"":[{""operator"":""OR"",""conditions"":[{""type"":""contains"",""excel_indicator_id"":""ActionsCharte"",""value"":""C4""},{""type"":""contains"",""excel_indicator_id"":""ActionsAutres"",""value"":""C4""}]},{""type"":""contains"",""excel_indicator_id"":""FretFluvCat32Request"",""value"":""La distance parcourue annuellement pour ce type de barge""}]}"
"init","FretFluvCat33Request","=K825","FretFluvCat33NbTraj","=K829 * IF(ISNUMBER(SEARCH(""Une estimation du nombre annuel de trajets pour ce type de barge"", F829)),1,0)","OUI","{""operator"":""AND"",""conditions"":[{""operator"":""OR"",""conditions"":[{""type"":""contains"",""excel_indicator_id"":""ActionsCharte"",""value"":""C4""},{""type"":""contains"",""excel_indicator_id"":""ActionsAutres"",""value"":""C4""}]},{""type"":""contains"",""excel_indicator_id"":""FretFluvCat33Request"",""value"":""Une estimation du nombre annuel de trajets pour ce type de barge""}]}"
"init","FretFluvCat33Request","=K825","FretFluvCat33DistAn","=K829 * IF(ISNUMBER(SEARCH(""La distance parcourue annuellement pour ce type de barge"", F829)),1,0)","OUI","{""operator"":""AND"",""conditions"":[{""operator"":""OR"",""conditions"":[{""type"":""contains"",""excel_indicator_id"":""ActionsCharte"",""value"":""C4""},{""type"":""contains"",""excel_indicator_id"":""ActionsAutres"",""value"":""C4""}]},{""type"":""contains"",""excel_indicator_id"":""FretFluvCat33Request"",""value"":""La distance parcourue annuellement pour ce type de barge""}]}"
"init","FretFluvCat34Request","=K836","FretFluvCat34NbTraj","=K840 * IF(ISNUMBER(SEARCH(""Une estimation du nombre annuel de trajets pour ce type de barge"", F840)),1,0)","OUI","{""operator"":""AND"",""conditions"":[{""operator"":""OR"",""conditions"":[{""type"":""contains"",""excel_indicator_id"":""ActionsCharte"",""value"":""C4""},{""type"":""contains"",""excel_indicator_id"":""ActionsAutres"",""value"":""C4""}]},{""type"":""contains"",""excel_indicator_id"":""FretFluvCat34Request"",""value"":""Une estimation du nombre annuel de trajets pour ce type de barge""}]}"
"init","FretFluvCat34Request","=K836","FretFluvCat34DistAn","=K840 * IF(ISNUMBER(SEARCH(""La distance parcourue annuellement pour ce type de barge"", F840)),1,0)","OUI","{""operator"":""AND"",""conditions"":[{""operator"":""OR"",""conditions"":[{""type"":""contains"",""excel_indicator_id"":""ActionsCharte"",""value"":""C4""},{""type"":""contains"",""excel_indicator_id"":""ActionsAutres"",""value"":""C4""}]},{""type"":""contains"",""excel_indicator_id"":""FretFluvCat34Request"",""value"":""La distance parcourue annuellement pour ce type de barge""}]}"
"init","FretFluvCat35Request","=K847","FretFluvCat35NbTraj","=K851 * IF(ISNUMBER(SEARCH(""Une estimation du nombre annuel de trajets pour ce type de barge"", F851)),1,0)","OUI","{""operator"":""AND"",""conditions"":[{""operator"":""OR"",""conditions"":[{""type"":""contains"",""excel_indicator_id"":""ActionsCharte"",""value"":""C4""},{""type"":""contains"",""excel_indicator_id"":""ActionsAutres"",""value"":""C4""}]},{""type"":""contains"",""excel_indicator_id"":""FretFluvCat35Request"",""value"":""Une estimation du nombre annuel de trajets pour ce type de barge""}]}"
"init","FretFluvCat35Request","=K847","FretFluvCat35DistAn","=K851 * IF(ISNUMBER(SEARCH(""La distance parcourue annuellement pour ce type de barge"", F851)),1,0)","OUI","{""operator"":""AND"",""conditions"":[{""operator"":""OR"",""conditions"":[{""type"":""contains"",""excel_indicator_id"":""ActionsCharte"",""value"":""C4""},{""type"":""contains"",""excel_indicator_id"":""ActionsAutres"",""value"":""C4""}]},{""type"":""contains"",""excel_indicator_id"":""FretFluvCat35Request"",""value"":""La distance parcourue annuellement pour ce type de barge""}]}"
"init","FretFluvCat36Request","=K858","FretFluvCat36NbTraj","=K862 * IF(ISNUMBER(SEARCH(""Une estimation du nombre annuel de trajets pour ce type de barge"", F862)),1,0)","OUI","{""operator"":""AND"",""conditions"":[{""operator"":""OR"",""conditions"":[{""type"":""contains"",""excel_indicator_id"":""ActionsCharte"",""value"":""C4""},{""type"":""contains"",""excel_indicator_id"":""ActionsAutres"",""value"":""C4""}]},{""type"":""contains"",""excel_indicator_id"":""FretFluvCat36Request"",""value"":""Une estimation du nombre annuel de trajets pour ce type de barge""}]}"
"init","FretFluvCat36Request","=K858","FretFluvCat36DistAn","=K862 * IF(ISNUMBER(SEARCH(""La distance parcourue annuellement pour ce type de barge"", F862)),1,0)","OUI","{""operator"":""AND"",""conditions"":[{""operator"":""OR"",""conditions"":[{""type"":""contains"",""excel_indicator_id"":""ActionsCharte"",""value"":""C4""},{""type"":""contains"",""excel_indicator_id"":""ActionsAutres"",""value"":""C4""}]},{""type"":""contains"",""excel_indicator_id"":""FretFluvCat36Request"",""value"":""La distance parcourue annuellement pour ce type de barge""}]}"
"init","FretFluvCat37Request","=K869","FretFluvCat37NbTraj","=K873 * IF(ISNUMBER(SEARCH(""Une estimation du nombre annuel de trajets pour ce type de barge"", F873)),1,0)","OUI","{""operator"":""AND"",""conditions"":[{""operator"":""OR"",""conditions"":[{""type"":""contains"",""excel_indicator_id"":""ActionsCharte"",""value"":""C4""},{""type"":""contains"",""excel_indicator_id"":""ActionsAutres"",""value"":""C4""}]},{""type"":""contains"",""excel_indicator_id"":""FretFluvCat37Request"",""value"":""Une estimation du nombre annuel de trajets pour ce type de barge""}]}"
"init","FretFluvCat37Request","=K869","FretFluvCat37DistAn","=K873 * IF(ISNUMBER(SEARCH(""La distance parcourue annuellement pour ce type de barge"", F873)),1,0)","OUI","{""operator"":""AND"",""conditions"":[{""operator"":""OR"",""conditions"":[{""type"":""contains"",""excel_indicator_id"":""ActionsCharte"",""value"":""C4""},{""type"":""contains"",""excel_indicator_id"":""ActionsAutres"",""value"":""C4""}]},{""type"":""contains"",""excel_indicator_id"":""FretFluvCat37Request"",""value"":""La distance parcourue annuellement pour ce type de barge""}]}"
"init","FretFluvCat38Request","=K880","FretFluvCat38NbTraj","=K884 * IF(ISNUMBER(SEARCH(""Une estimation du nombre annuel de trajets pour ce type de barge"", F884)),1,0)","OUI","{""operator"":""AND"",""conditions"":[{""operator"":""OR"",""conditions"":[{""type"":""contains"",""excel_indicator_id"":""ActionsCharte"",""value"":""C4""},{""type"":""contains"",""excel_indicator_id"":""ActionsAutres"",""value"":""C4""}]},{""type"":""contains"",""excel_indicator_id"":""FretFluvCat38Request"",""value"":""Une estimation du nombre annuel de trajets pour ce type de barge""}]}"
"init","FretFluvCat38Request","=K880","FretFluvCat38DistAn","=K884 * IF(ISNUMBER(SEARCH(""La distance parcourue annuellement pour ce type de barge"", F884)),1,0)","OUI","{""operator"":""AND"",""conditions"":[{""operator"":""OR"",""conditions"":[{""type"":""contains"",""excel_indicator_id"":""ActionsCharte"",""value"":""C4""},{""type"":""contains"",""excel_indicator_id"":""ActionsAutres"",""value"":""C4""}]},{""type"":""contains"",""excel_indicator_id"":""FretFluvCat38Request"",""value"":""La distance parcourue annuellement pour ce type de barge""}]}"
"init","FretFluvCat39Request","=K891","FretFluvCat39NbTraj","=K895 * IF(ISNUMBER(SEARCH(""Une estimation du nombre annuel de trajets pour ce type de barge"", F895)),1,0)","OUI","{""operator"":""AND"",""conditions"":[{""operator"":""OR"",""conditions"":[{""type"":""contains"",""excel_indicator_id"":""ActionsCharte"",""value"":""C4""},{""type"":""contains"",""excel_indicator_id"":""ActionsAutres"",""value"":""C4""}]},{""type"":""contains"",""excel_indicator_id"":""FretFluvCat39Request"",""value"":""Une estimation du nombre annuel de trajets pour ce type de barge""}]}"
"init","FretFluvCat39Request","=K891","FretFluvCat39DistAn","=K895 * IF(ISNUMBER(SEARCH(""La distance parcourue annuellement pour ce type de barge"", F895)),1,0)","OUI","{""operator"":""AND"",""conditions"":[{""operator"":""OR"",""conditions"":[{""type"":""contains"",""excel_indicator_id"":""ActionsCharte"",""value"":""C4""},{""type"":""contains"",""excel_indicator_id"":""ActionsAutres"",""value"":""C4""}]},{""type"":""contains"",""excel_indicator_id"":""FretFluvCat39Request"",""value"":""La distance parcourue annuellement pour ce type de barge""}]}"
"init","FretFluvCat40Request","=K902","FretFluvCat40NbTraj","=K906 * IF(ISNUMBER(SEARCH(""Une estimation du nombre annuel de trajets pour ce type de barge"", F906)),1,0)","OUI","{""operator"":""AND"",""conditions"":[{""operator"":""OR"",""conditions"":[{""type"":""contains"",""excel_indicator_id"":""ActionsCharte"",""value"":""C4""},{""type"":""contains"",""excel_indicator_id"":""ActionsAutres"",""value"":""C4""}]},{""type"":""contains"",""excel_indicator_id"":""FretFluvCat40Request"",""value"":""Une estimation du nombre annuel de trajets pour ce type de barge""}]}"
"init","FretFluvCat40Request","=K902","FretFluvCat40DistAn","=K906 * IF(ISNUMBER(SEARCH(""La distance parcourue annuellement pour ce type de barge"", F906)),1,0)","OUI","{""operator"":""AND"",""conditions"":[{""operator"":""OR"",""conditions"":[{""type"":""contains"",""excel_indicator_id"":""ActionsCharte"",""value"":""C4""},{""type"":""contains"",""excel_indicator_id"":""ActionsAutres"",""value"":""C4""}]},{""type"":""contains"",""excel_indicator_id"":""FretFluvCat40Request"",""value"":""La distance parcourue annuellement pour ce type de barge""}]}"
"init","FretFluvCat41Request","=K913","FretFluvCat41NbTraj","=K917 * IF(ISNUMBER(SEARCH(""Une estimation du nombre annuel de trajets pour ce type de barge"", F917)),1,0)","OUI","{""operator"":""AND"",""conditions"":[{""operator"":""OR"",""conditions"":[{""type"":""contains"",""excel_indicator_id"":""ActionsCharte"",""value"":""C4""},{""type"":""contains"",""excel_indicator_id"":""ActionsAutres"",""value"":""C4""}]},{""type"":""contains"",""excel_indicator_id"":""FretFluvCat41Request"",""value"":""Une estimation du nombre annuel de trajets pour ce type de barge""}]}"
"init","FretFluvCat41Request","=K913","FretFluvCat41DistAn","=K917 * IF(ISNUMBER(SEARCH(""La distance parcourue annuellement pour ce type de barge"", F917)),1,0)","OUI","{""operator"":""AND"",""conditions"":[{""operator"":""OR"",""conditions"":[{""type"":""contains"",""excel_indicator_id"":""ActionsCharte"",""value"":""C4""},{""type"":""contains"",""excel_indicator_id"":""ActionsAutres"",""value"":""C4""}]},{""type"":""contains"",""excel_indicator_id"":""FretFluvCat41Request"",""value"":""La distance parcourue annuellement pour ce type de barge""}]}"
"init","FretFluvCat42Request","=K924","FretFluvCat42NbTraj","=K928 * IF(ISNUMBER(SEARCH(""Une estimation du nombre annuel de trajets pour ce type de barge"", F928)),1,0)","OUI","{""operator"":""AND"",""conditions"":[{""operator"":""OR"",""conditions"":[{""type"":""contains"",""excel_indicator_id"":""ActionsCharte"",""value"":""C4""},{""type"":""contains"",""excel_indicator_id"":""ActionsAutres"",""value"":""C4""}]},{""type"":""contains"",""excel_indicator_id"":""FretFluvCat42Request"",""value"":""Une estimation du nombre annuel de trajets pour ce type de barge""}]}"
"init","FretFluvCat42Request","=K924","FretFluvCat42DistAn","=K928 * IF(ISNUMBER(SEARCH(""La distance parcourue annuellement pour ce type de barge"", F928)),1,0)","OUI","{""operator"":""AND"",""conditions"":[{""operator"":""OR"",""conditions"":[{""type"":""contains"",""excel_indicator_id"":""ActionsCharte"",""value"":""C4""},{""type"":""contains"",""excel_indicator_id"":""ActionsAutres"",""value"":""C4""}]},{""type"":""contains"",""excel_indicator_id"":""FretFluvCat42Request"",""value"":""La distance parcourue annuellement pour ce type de barge""}]}"
"init","FretFluvCat43Request","=K935","FretFluvCat43NbTraj","=K939 * IF(ISNUMBER(SEARCH(""Une estimation du nombre annuel de trajets pour ce type de barge"", F939)),1,0)","OUI","{""operator"":""AND"",""conditions"":[{""operator"":""OR"",""conditions"":[{""type"":""contains"",""excel_indicator_id"":""ActionsCharte"",""value"":""C4""},{""type"":""contains"",""excel_indicator_id"":""ActionsAutres"",""value"":""C4""}]},{""type"":""contains"",""excel_indicator_id"":""FretFluvCat43Request"",""value"":""Une estimation du nombre annuel de trajets pour ce type de barge""}]}"
"init","FretFluvCat43Request","=K935","FretFluvCat43DistAn","=K939 * IF(ISNUMBER(SEARCH(""La distance parcourue annuellement pour ce type de barge"", F939)),1,0)","OUI","{""operator"":""AND"",""conditions"":[{""operator"":""OR"",""conditions"":[{""type"":""contains"",""excel_indicator_id"":""ActionsCharte"",""value"":""C4""},{""type"":""contains"",""excel_indicator_id"":""ActionsAutres"",""value"":""C4""}]},{""type"":""contains"",""excel_indicator_id"":""FretFluvCat43Request"",""value"":""La distance parcourue annuellement pour ce type de barge""}]}"
"init","FretFluvCat44Request","=K946","FretFluvCat44NbTraj","=K950 * IF(ISNUMBER(SEARCH(""Une estimation du nombre annuel de trajets pour ce type de barge"", F950)),1,0)","OUI","{""operator"":""AND"",""conditions"":[{""operator"":""OR"",""conditions"":[{""type"":""contains"",""excel_indicator_id"":""ActionsCharte"",""value"":""C4""},{""type"":""contains"",""excel_indicator_id"":""ActionsAutres"",""value"":""C4""}]},{""type"":""contains"",""excel_indicator_id"":""FretFluvCat44Request"",""value"":""Une estimation du nombre annuel de trajets pour ce type de barge""}]}"
"init","FretFluvCat44Request","=K946","FretFluvCat44DistAn","=K950 * IF(ISNUMBER(SEARCH(""La distance parcourue annuellement pour ce type de barge"", F950)),1,0)","OUI","{""operator"":""AND"",""conditions"":[{""operator"":""OR"",""conditions"":[{""type"":""contains"",""excel_indicator_id"":""ActionsCharte"",""value"":""C4""},{""type"":""contains"",""excel_indicator_id"":""ActionsAutres"",""value"":""C4""}]},{""type"":""contains"",""excel_indicator_id"":""FretFluvCat44Request"",""value"":""La distance parcourue annuellement pour ce type de barge""}]}"
"init","FretFluvCat45Request","=K957","FretFluvCat45NbTraj","=K961 * IF(ISNUMBER(SEARCH(""Une estimation du nombre annuel de trajets pour ce type de barge"", F961)),1,0)","OUI","{""operator"":""AND"",""conditions"":[{""operator"":""OR"",""conditions"":[{""type"":""contains"",""excel_indicator_id"":""ActionsCharte"",""value"":""C4""},{""type"":""contains"",""excel_indicator_id"":""ActionsAutres"",""value"":""C4""}]},{""type"":""contains"",""excel_indicator_id"":""FretFluvCat45Request"",""value"":""Une estimation du nombre annuel de trajets pour ce type de barge""}]}"
"init","FretFluvCat45Request","=K957","FretFluvCat45DistAn","=K961 * IF(ISNUMBER(SEARCH(""La distance parcourue annuellement pour ce type de barge"", F961)),1,0)","OUI","{""operator"":""AND"",""conditions"":[{""operator"":""OR"",""conditions"":[{""type"":""contains"",""excel_indicator_id"":""ActionsCharte"",""value"":""C4""},{""type"":""contains"",""excel_indicator_id"":""ActionsAutres"",""value"":""C4""}]},{""type"":""contains"",""excel_indicator_id"":""FretFluvCat45Request"",""value"":""La distance parcourue annuellement pour ce type de barge""}]}"
"init","FretFluvCat46Request","=K968","FretFluvCat46NbTraj","=K972 * IF(ISNUMBER(SEARCH(""Une estimation du nombre annuel de trajets pour ce type de barge"", F972)),1,0)","OUI","{""operator"":""AND"",""conditions"":[{""operator"":""OR"",""conditions"":[{""type"":""contains"",""excel_indicator_id"":""ActionsCharte"",""value"":""C4""},{""type"":""contains"",""excel_indicator_id"":""ActionsAutres"",""value"":""C4""}]},{""type"":""contains"",""excel_indicator_id"":""FretFluvCat46Request"",""value"":""Une estimation du nombre annuel de trajets pour ce type de barge""}]}"
"init","FretFluvCat46Request","=K968","FretFluvCat46DistAn","=K972 * IF(ISNUMBER(SEARCH(""La distance parcourue annuellement pour ce type de barge"", F972)),1,0)","OUI","{""operator"":""AND"",""conditions"":[{""operator"":""OR"",""conditions"":[{""type"":""contains"",""excel_indicator_id"":""ActionsCharte"",""value"":""C4""},{""type"":""contains"",""excel_indicator_id"":""ActionsAutres"",""value"":""C4""}]},{""type"":""contains"",""excel_indicator_id"":""FretFluvCat46Request"",""value"":""La distance parcourue annuellement pour ce type de barge""}]}"
"init","FretFluvCat47Request","=K979","FretFluvCat47NbTraj","=K983 * IF(ISNUMBER(SEARCH(""Une estimation du nombre annuel de trajets pour ce type de barge"", F983)),1,0)","OUI","{""operator"":""AND"",""conditions"":[{""operator"":""OR"",""conditions"":[{""type"":""contains"",""excel_indicator_id"":""ActionsCharte"",""value"":""C4""},{""type"":""contains"",""excel_indicator_id"":""ActionsAutres"",""value"":""C4""}]},{""type"":""contains"",""excel_indicator_id"":""FretFluvCat47Request"",""value"":""Une estimation du nombre annuel de trajets pour ce type de barge""}]}"
"init","FretFluvCat47Request","=K979","FretFluvCat47DistAn","=K983 * IF(ISNUMBER(SEARCH(""La distance parcourue annuellement pour ce type de barge"", F983)),1,0)","OUI","{""operator"":""AND"",""conditions"":[{""operator"":""OR"",""conditions"":[{""type"":""contains"",""excel_indicator_id"":""ActionsCharte"",""value"":""C4""},{""type"":""contains"",""excel_indicator_id"":""ActionsAutres"",""value"":""C4""}]},{""type"":""contains"",""excel_indicator_id"":""FretFluvCat47Request"",""value"":""La distance parcourue annuellement pour ce type de barge""}]}"
"init","FretFluvCat48Request","=K990","FretFluvCat48NbTraj","=K994 * IF(ISNUMBER(SEARCH(""Une estimation du nombre annuel de trajets pour ce type de barge"", F994)),1,0)","OUI","{""operator"":""AND"",""conditions"":[{""operator"":""OR"",""conditions"":[{""type"":""contains"",""excel_indicator_id"":""ActionsCharte"",""value"":""C4""},{""type"":""contains"",""excel_indicator_id"":""ActionsAutres"",""value"":""C4""}]},{""type"":""contains"",""excel_indicator_id"":""FretFluvCat48Request"",""value"":""Une estimation du nombre annuel de trajets pour ce type de barge""}]}"
"init","FretFluvCat48Request","=K990","FretFluvCat48DistAn","=K994 * IF(ISNUMBER(SEARCH(""La distance parcourue annuellement pour ce type de barge"", F994)),1,0)","OUI","{""operator"":""AND"",""conditions"":[{""operator"":""OR"",""conditions"":[{""type"":""contains"",""excel_indicator_id"":""ActionsCharte"",""value"":""C4""},{""type"":""contains"",""excel_indicator_id"":""ActionsAutres"",""value"":""C4""}]},{""type"":""contains"",""excel_indicator_id"":""FretFluvCat48Request"",""value"":""La distance parcourue annuellement pour ce type de barge""}]}"
"init","FretFluvCat49Request","=K1001","FretFluvCat49NbTraj","=K1005 * IF(ISNUMBER(SEARCH(""Une estimation du nombre annuel de trajets pour ce type de barge"", F1005)),1,0)","OUI","{""operator"":""AND"",""conditions"":[{""operator"":""OR"",""conditions"":[{""type"":""contains"",""excel_indicator_id"":""ActionsCharte"",""value"":""C4""},{""type"":""contains"",""excel_indicator_id"":""ActionsAutres"",""value"":""C4""}]},{""type"":""contains"",""excel_indicator_id"":""FretFluvCat49Request"",""value"":""Une estimation du nombre annuel de trajets pour ce type de barge""}]}"
"init","FretFluvCat49Request","=K1001","FretFluvCat49DistAn","=K1005 * IF(ISNUMBER(SEARCH(""La distance parcourue annuellement pour ce type de barge"", F1005)),1,0)","OUI","{""operator"":""AND"",""conditions"":[{""operator"":""OR"",""conditions"":[{""type"":""contains"",""excel_indicator_id"":""ActionsCharte"",""value"":""C4""},{""type"":""contains"",""excel_indicator_id"":""ActionsAutres"",""value"":""C4""}]},{""type"":""contains"",""excel_indicator_id"":""FretFluvCat49Request"",""value"":""La distance parcourue annuellement pour ce type de barge""}]}"
"init","FretFluvCat50Request","=K1012","FretFluvCat50NbTraj","=K1016 * IF(ISNUMBER(SEARCH(""Une estimation du nombre annuel de trajets pour ce type de barge"", F1016)),1,0)","OUI","{""operator"":""AND"",""conditions"":[{""operator"":""OR"",""conditions"":[{""type"":""contains"",""excel_indicator_id"":""ActionsCharte"",""value"":""C4""},{""type"":""contains"",""excel_indicator_id"":""ActionsAutres"",""value"":""C4""}]},{""type"":""contains"",""excel_indicator_id"":""FretFluvCat50Request"",""value"":""Une estimation du nombre annuel de trajets pour ce type de barge""}]}"
"init","FretFluvCat50Request","=K1012","FretFluvCat50DistAn","=K1016 * IF(ISNUMBER(SEARCH(""La distance parcourue annuellement pour ce type de barge"", F1016)),1,0)","OUI","{""operator"":""AND"",""conditions"":[{""operator"":""OR"",""conditions"":[{""type"":""contains"",""excel_indicator_id"":""ActionsCharte"",""value"":""C4""},{""type"":""contains"",""excel_indicator_id"":""ActionsAutres"",""value"":""C4""}]},{""type"":""contains"",""excel_indicator_id"":""FretFluvCat50Request"",""value"":""La distance parcourue annuellement pour ce type de barge""}]}"
"init","FretFluvCat51Request","=K1023","FretFluvCat51NbTraj","=K1027 * IF(ISNUMBER(SEARCH(""Une estimation du nombre annuel de trajets pour ce type de barge"", F1027)),1,0)","OUI","{""operator"":""AND"",""conditions"":[{""operator"":""OR"",""conditions"":[{""type"":""contains"",""excel_indicator_id"":""ActionsCharte"",""value"":""C4""},{""type"":""contains"",""excel_indicator_id"":""ActionsAutres"",""value"":""C4""}]},{""type"":""contains"",""excel_indicator_id"":""FretFluvCat51Request"",""value"":""Une estimation du nombre annuel de trajets pour ce type de barge""}]}"
"init","FretFluvCat51Request","=K1023","FretFluvCat51DistAn","=K1027 * IF(ISNUMBER(SEARCH(""La distance parcourue annuellement pour ce type de barge"", F1027)),1,0)","OUI","{""operator"":""AND"",""conditions"":[{""operator"":""OR"",""conditions"":[{""type"":""contains"",""excel_indicator_id"":""ActionsCharte"",""value"":""C4""},{""type"":""contains"",""excel_indicator_id"":""ActionsAutres"",""value"":""C4""}]},{""type"":""contains"",""excel_indicator_id"":""FretFluvCat51Request"",""value"":""La distance parcourue annuellement pour ce type de barge""}]}"
"init","FretFluvCat52Request","=K1034","FretFluvCat52NbTraj","=K1038 * IF(ISNUMBER(SEARCH(""Une estimation du nombre annuel de trajets pour ce type de barge"", F1038)),1,0)","OUI","{""operator"":""AND"",""conditions"":[{""operator"":""OR"",""conditions"":[{""type"":""contains"",""excel_indicator_id"":""ActionsCharte"",""value"":""C4""},{""type"":""contains"",""excel_indicator_id"":""ActionsAutres"",""value"":""C4""}]},{""type"":""contains"",""excel_indicator_id"":""FretFluvCat52Request"",""value"":""Une estimation du nombre annuel de trajets pour ce type de barge""}]}"
"init","FretFluvCat52Request","=K1034","FretFluvCat52DistAn","=K1038 * IF(ISNUMBER(SEARCH(""La distance parcourue annuellement pour ce type de barge"", F1038)),1,0)","OUI","{""operator"":""AND"",""conditions"":[{""operator"":""OR"",""conditions"":[{""type"":""contains"",""excel_indicator_id"":""ActionsCharte"",""value"":""C4""},{""type"":""contains"",""excel_indicator_id"":""ActionsAutres"",""value"":""C4""}]},{""type"":""contains"",""excel_indicator_id"":""FretFluvCat52Request"",""value"":""La distance parcourue annuellement pour ce type de barge""}]}"
"init","FretFluvCat53Request","=K1045","FretFluvCat53NbTraj","=K1049 * IF(ISNUMBER(SEARCH(""Une estimation du nombre annuel de trajets pour ce type de barge"", F1049)),1,0)","OUI","{""operator"":""AND"",""conditions"":[{""operator"":""OR"",""conditions"":[{""type"":""contains"",""excel_indicator_id"":""ActionsCharte"",""value"":""C4""},{""type"":""contains"",""excel_indicator_id"":""ActionsAutres"",""value"":""C4""}]},{""type"":""contains"",""excel_indicator_id"":""FretFluvCat53Request"",""value"":""Une estimation du nombre annuel de trajets pour ce type de barge""}]}"
"init","FretFluvCat53Request","=K1045","FretFluvCat53DistAn","=K1049 * IF(ISNUMBER(SEARCH(""La distance parcourue annuellement pour ce type de barge"", F1049)),1,0)","OUI","{""operator"":""AND"",""conditions"":[{""operator"":""OR"",""conditions"":[{""type"":""contains"",""excel_indicator_id"":""ActionsCharte"",""value"":""C4""},{""type"":""contains"",""excel_indicator_id"":""ActionsAutres"",""value"":""C4""}]},{""type"":""contains"",""excel_indicator_id"":""FretFluvCat53Request"",""value"":""La distance parcourue annuellement pour ce type de barge""}]}"
"init","FretFluvCat54Request","=K1056","FretFluvCat54NbTraj","=K1060 * IF(ISNUMBER(SEARCH(""Une estimation du nombre annuel de trajets pour ce type de barge"", F1060)),1,0)","OUI","{""operator"":""AND"",""conditions"":[{""operator"":""OR"",""conditions"":[{""type"":""contains"",""excel_indicator_id"":""ActionsCharte"",""value"":""C4""},{""type"":""contains"",""excel_indicator_id"":""ActionsAutres"",""value"":""C4""}]},{""type"":""contains"",""excel_indicator_id"":""FretFluvCat54Request"",""value"":""Une estimation du nombre annuel de trajets pour ce type de barge""}]}"
"init","FretFluvCat54Request","=K1056","FretFluvCat54DistAn","=K1060 * IF(ISNUMBER(SEARCH(""La distance parcourue annuellement pour ce type de barge"", F1060)),1,0)","OUI","{""operator"":""AND"",""conditions"":[{""operator"":""OR"",""conditions"":[{""type"":""contains"",""excel_indicator_id"":""ActionsCharte"",""value"":""C4""},{""type"":""contains"",""excel_indicator_id"":""ActionsAutres"",""value"":""C4""}]},{""type"":""contains"",""excel_indicator_id"":""FretFluvCat54Request"",""value"":""La distance parcourue annuellement pour ce type de barge""}]}"
"init","FretFluvCat55Request","=K1067","FretFluvCat55NbTraj","=K1071 * IF(ISNUMBER(SEARCH(""Une estimation du nombre annuel de trajets pour ce type de barge"", F1071)),1,0)","OUI","{""operator"":""AND"",""conditions"":[{""operator"":""OR"",""conditions"":[{""type"":""contains"",""excel_indicator_id"":""ActionsCharte"",""value"":""C4""},{""type"":""contains"",""excel_indicator_id"":""ActionsAutres"",""value"":""C4""}]},{""type"":""contains"",""excel_indicator_id"":""FretFluvCat55Request"",""value"":""Une estimation du nombre annuel de trajets pour ce type de barge""}]}"
"init","FretFluvCat55Request","=K1067","FretFluvCat55DistAn","=K1071 * IF(ISNUMBER(SEARCH(""La distance parcourue annuellement pour ce type de barge"", F1071)),1,0)","OUI","{""operator"":""AND"",""conditions"":[{""operator"":""OR"",""conditions"":[{""type"":""contains"",""excel_indicator_id"":""ActionsCharte"",""value"":""C4""},{""type"":""contains"",""excel_indicator_id"":""ActionsAutres"",""value"":""C4""}]},{""type"":""contains"",""excel_indicator_id"":""FretFluvCat55Request"",""value"":""La distance parcourue annuellement pour ce type de barge""}]}"
"init","FretFluvCat56Request","=K1078","FretFluvCat56NbTraj","=K1082 * IF(ISNUMBER(SEARCH(""Une estimation du nombre annuel de trajets pour ce type de barge"", F1082)),1,0)","OUI","{""operator"":""AND"",""conditions"":[{""operator"":""OR"",""conditions"":[{""type"":""contains"",""excel_indicator_id"":""ActionsCharte"",""value"":""C4""},{""type"":""contains"",""excel_indicator_id"":""ActionsAutres"",""value"":""C4""}]},{""type"":""contains"",""excel_indicator_id"":""FretFluvCat56Request"",""value"":""Une estimation du nombre annuel de trajets pour ce type de barge""}]}"
"init","FretFluvCat56Request","=K1078","FretFluvCat56DistAn","=K1082 * IF(ISNUMBER(SEARCH(""La distance parcourue annuellement pour ce type de barge"", F1082)),1,0)","OUI","{""operator"":""AND"",""conditions"":[{""operator"":""OR"",""conditions"":[{""type"":""contains"",""excel_indicator_id"":""ActionsCharte"",""value"":""C4""},{""type"":""contains"",""excel_indicator_id"":""ActionsAutres"",""value"":""C4""}]},{""type"":""contains"",""excel_indicator_id"":""FretFluvCat56Request"",""value"":""La distance parcourue annuellement pour ce type de barge""}]}"
"init","FretFerrMot","=IF(OR(ISNUMBER(SEARCH(""C4"",$F$18)),
       ISNUMBER(SEARCH(""C4"",$F$17))),
1,0)","FretFerrVolumeElec","=K1089 *
IF(ISNUMBER(SEARCH(""Electrique"",$F$1089)),1,0)","OUI","{""operator"":""AND"",""conditions"":[{""operator"":""OR"",""conditions"":[{""type"":""contains"",""excel_indicator_id"":""ActionsCharte"",""value"":""C4""},{""type"":""contains"",""excel_indicator_id"":""ActionsAutres"",""value"":""C4""}]},{""type"":""contains"",""excel_indicator_id"":""FretFerrMot"",""value"":""Electrique""}]}"
"init","FretFerrMot","=IF(OR(ISNUMBER(SEARCH(""C4"",$F$18)),
       ISNUMBER(SEARCH(""C4"",$F$17))),
1,0)","FretFerrVolumeDies","=K1089 *
IF(ISNUMBER(SEARCH(""Diesel"",$F$1089)),1,0)","OUI","{""operator"":""AND"",""conditions"":[{""operator"":""OR"",""conditions"":[{""type"":""contains"",""excel_indicator_id"":""ActionsCharte"",""value"":""C4""},{""type"":""contains"",""excel_indicator_id"":""ActionsAutres"",""value"":""C4""}]},{""type"":""contains"",""excel_indicator_id"":""FretFerrMot"",""value"":""Diesel""}]}"
"init","Cyclolog","=IF(OR(ISNUMBER(SEARCH(""C4"",$F$18)),
       ISNUMBER(SEARCH(""C4"",$F$17))),
1,0)","CyclologVolume","=K1092 * IF($F$1092=""Oui"",1,0)","OUI","{""operator"":""AND"",""conditions"":[{""operator"":""OR"",""conditions"":[{""type"":""contains"",""excel_indicator_id"":""ActionsCharte"",""value"":""C4""},{""type"":""contains"",""excel_indicator_id"":""ActionsAutres"",""value"":""C4""}]},{""type"":""equals"",""excel_indicator_id"":""Cyclolog"",""value"":""Oui""}]}"
"init","LivrNuitParc","=IF(OR(ISNUMBER(SEARCH(""C4"",$F$18)),ISNUMBER(SEARCH(""C4"",$F$17))),1,0)","LivrNuitTourneeDist1","=IFERROR(SEARCH(B1594, $F$1593),0) * $K$1593","OUI","{""operator"":""AND"",""conditions"":[{""operator"":""OR"",""conditions"":[{""type"":""contains"",""excel_indicator_id"":""ActionsCharte"",""value"":""C4""},{""type"":""contains"",""excel_indicator_id"":""ActionsAutres"",""value"":""C4""}]},{""type"":""contains"",""excel_indicator_id"":""LivrNuitParc"",""value"":""VUL Electrique (Crit'Air E)""}]}"
"ref","FretFluvCat1Request","=K456","FretFluvCat1NbTraj","=K460 * IF(ISNUMBER(SEARCH(""Une estimation du nombre annuel de trajets pour ce type de barge"", F460)),1,0)","OUI","{""operator"":""AND"",""conditions"":[{""operator"":""OR"",""conditions"":[{""type"":""contains"",""excel_indicator_id"":""ActionsCharte"",""value"":""C4"",""excel_indicator_situation"":""init""},{""type"":""contains"",""excel_indicator_id"":""ActionsAutres"",""value"":""C4"",""excel_indicator_situation"":""init""}]},{""type"":""contains"",""excel_indicator_id"":""FretFluvCat1Request"",""value"":""Une estimation du nombre annuel de trajets pour ce type de barge""}]}"
"ref","FretFluvCat1Request","=K456","FretFluvCat1DistAn","=K460 * IF(ISNUMBER(SEARCH(""La distance parcourue annuellement pour ce type de barge"", F460)),1,0)","OUI","{""operator"":""AND"",""conditions"":[{""operator"":""OR"",""conditions"":[{""type"":""contains"",""excel_indicator_id"":""ActionsCharte"",""value"":""C4"",""excel_indicator_situation"":""init""},{""type"":""contains"",""excel_indicator_id"":""ActionsAutres"",""value"":""C4"",""excel_indicator_situation"":""init""}]},{""type"":""contains"",""excel_indicator_id"":""FretFluvCat1Request"",""value"":""La distance parcourue annuellement pour ce type de barge""}]}"
"ref","FretFluvCat2Request","=K467","FretFluvCat2NbTraj","=K471 * IF(ISNUMBER(SEARCH(""Une estimation du nombre annuel de trajets pour ce type de barge"", F471)),1,0)","OUI","{""operator"":""AND"",""conditions"":[{""operator"":""OR"",""conditions"":[{""type"":""contains"",""excel_indicator_id"":""ActionsCharte"",""value"":""C4"",""excel_indicator_situation"":""init""},{""type"":""contains"",""excel_indicator_id"":""ActionsAutres"",""value"":""C4"",""excel_indicator_situation"":""init""}]},{""type"":""contains"",""excel_indicator_id"":""FretFluvCat2Request"",""value"":""Une estimation du nombre annuel de trajets pour ce type de barge""}]}"
"ref","FretFluvCat2Request","=K467","FretFluvCat2DistAn","=K471 * IF(ISNUMBER(SEARCH(""La distance parcourue annuellement pour ce type de barge"", F471)),1,0)","OUI","{""operator"":""AND"",""conditions"":[{""operator"":""OR"",""conditions"":[{""type"":""contains"",""excel_indicator_id"":""ActionsCharte"",""value"":""C4"",""excel_indicator_situation"":""init""},{""type"":""contains"",""excel_indicator_id"":""ActionsAutres"",""value"":""C4"",""excel_indicator_situation"":""init""}]},{""type"":""contains"",""excel_indicator_id"":""FretFluvCat2Request"",""value"":""La distance parcourue annuellement pour ce type de barge""}]}"
"ref","FretFluvCat3Request","=K478","FretFluvCat3NbTraj","=K482 * IF(ISNUMBER(SEARCH(""Une estimation du nombre annuel de trajets pour ce type de barge"", F482)),1,0)","OUI","{""operator"":""AND"",""conditions"":[{""operator"":""OR"",""conditions"":[{""type"":""contains"",""excel_indicator_id"":""ActionsCharte"",""value"":""C4"",""excel_indicator_situation"":""init""},{""type"":""contains"",""excel_indicator_id"":""ActionsAutres"",""value"":""C4"",""excel_indicator_situation"":""init""}]},{""type"":""contains"",""excel_indicator_id"":""FretFluvCat3Request"",""value"":""Une estimation du nombre annuel de trajets pour ce type de barge""}]}"
"ref","FretFluvCat3Request","=K478","FretFluvCat3DistAn","=K482 * IF(ISNUMBER(SEARCH(""La distance parcourue annuellement pour ce type de barge"", F482)),1,0)","OUI","{""operator"":""AND"",""conditions"":[{""operator"":""OR"",""conditions"":[{""type"":""contains"",""excel_indicator_id"":""ActionsCharte"",""value"":""C4"",""excel_indicator_situation"":""init""},{""type"":""contains"",""excel_indicator_id"":""ActionsAutres"",""value"":""C4"",""excel_indicator_situation"":""init""}]},{""type"":""contains"",""excel_indicator_id"":""FretFluvCat3Request"",""value"":""La distance parcourue annuellement pour ce type de barge""}]}"
"ref","FretFluvCat4Request","=K489","FretFluvCat4NbTraj","=K493 * IF(ISNUMBER(SEARCH(""Une estimation du nombre annuel de trajets pour ce type de barge"", F493)),1,0)","OUI","{""operator"":""AND"",""conditions"":[{""operator"":""OR"",""conditions"":[{""type"":""contains"",""excel_indicator_id"":""ActionsCharte"",""value"":""C4"",""excel_indicator_situation"":""init""},{""type"":""contains"",""excel_indicator_id"":""ActionsAutres"",""value"":""C4"",""excel_indicator_situation"":""init""}]},{""type"":""contains"",""excel_indicator_id"":""FretFluvCat4Request"",""value"":""Une estimation du nombre annuel de trajets pour ce type de barge""}]}"
"ref","FretFluvCat4Request","=K489","FretFluvCat4DistAn","=K493 * IF(ISNUMBER(SEARCH(""La distance parcourue annuellement pour ce type de barge"", F493)),1,0)","OUI","{""operator"":""AND"",""conditions"":[{""operator"":""OR"",""conditions"":[{""type"":""contains"",""excel_indicator_id"":""ActionsCharte"",""value"":""C4"",""excel_indicator_situation"":""init""},{""type"":""contains"",""excel_indicator_id"":""ActionsAutres"",""value"":""C4"",""excel_indicator_situation"":""init""}]},{""type"":""contains"",""excel_indicator_id"":""FretFluvCat4Request"",""value"":""La distance parcourue annuellement pour ce type de barge""}]}"
"ref","FretFluvCat5Request","=K500","FretFluvCat5NbTraj","=K504 * IF(ISNUMBER(SEARCH(""Une estimation du nombre annuel de trajets pour ce type de barge"", F504)),1,0)","OUI","{""operator"":""AND"",""conditions"":[{""operator"":""OR"",""conditions"":[{""type"":""contains"",""excel_indicator_id"":""ActionsCharte"",""value"":""C4"",""excel_indicator_situation"":""init""},{""type"":""contains"",""excel_indicator_id"":""ActionsAutres"",""value"":""C4"",""excel_indicator_situation"":""init""}]},{""type"":""contains"",""excel_indicator_id"":""FretFluvCat5Request"",""value"":""Une estimation du nombre annuel de trajets pour ce type de barge""}]}"
"ref","FretFluvCat5Request","=K500","FretFluvCat5DistAn","=K504 * IF(ISNUMBER(SEARCH(""La distance parcourue annuellement pour ce type de barge"", F504)),1,0)","OUI","{""operator"":""AND"",""conditions"":[{""operator"":""OR"",""conditions"":[{""type"":""contains"",""excel_indicator_id"":""ActionsCharte"",""value"":""C4"",""excel_indicator_situation"":""init""},{""type"":""contains"",""excel_indicator_id"":""ActionsAutres"",""value"":""C4"",""excel_indicator_situation"":""init""}]},{""type"":""contains"",""excel_indicator_id"":""FretFluvCat5Request"",""value"":""La distance parcourue annuellement pour ce type de barge""}]}"
"ref","FretFluvCat6Request","=K511","FretFluvCat6NbTraj","=K515 * IF(ISNUMBER(SEARCH(""Une estimation du nombre annuel de trajets pour ce type de barge"", F515)),1,0)","OUI","{""operator"":""AND"",""conditions"":[{""operator"":""OR"",""conditions"":[{""type"":""contains"",""excel_indicator_id"":""ActionsCharte"",""value"":""C4"",""excel_indicator_situation"":""init""},{""type"":""contains"",""excel_indicator_id"":""ActionsAutres"",""value"":""C4"",""excel_indicator_situation"":""init""}]},{""type"":""contains"",""excel_indicator_id"":""FretFluvCat6Request"",""value"":""Une estimation du nombre annuel de trajets pour ce type de barge""}]}"
"ref","FretFluvCat6Request","=K511","FretFluvCat6DistAn","=K515 * IF(ISNUMBER(SEARCH(""La distance parcourue annuellement pour ce type de barge"", F515)),1,0)","OUI","{""operator"":""AND"",""conditions"":[{""operator"":""OR"",""conditions"":[{""type"":""contains"",""excel_indicator_id"":""ActionsCharte"",""value"":""C4"",""excel_indicator_situation"":""init""},{""type"":""contains"",""excel_indicator_id"":""ActionsAutres"",""value"":""C4"",""excel_indicator_situation"":""init""}]},{""type"":""contains"",""excel_indicator_id"":""FretFluvCat6Request"",""value"":""La distance parcourue annuellement pour ce type de barge""}]}"
"ref","FretFluvCat7Request","=K522","FretFluvCat7NbTraj","=K526 * IF(ISNUMBER(SEARCH(""Une estimation du nombre annuel de trajets pour ce type de barge"", F526)),1,0)","OUI","{""operator"":""AND"",""conditions"":[{""operator"":""OR"",""conditions"":[{""type"":""contains"",""excel_indicator_id"":""ActionsCharte"",""value"":""C4"",""excel_indicator_situation"":""init""},{""type"":""contains"",""excel_indicator_id"":""ActionsAutres"",""value"":""C4"",""excel_indicator_situation"":""init""}]},{""type"":""contains"",""excel_indicator_id"":""FretFluvCat7Request"",""value"":""Une estimation du nombre annuel de trajets pour ce type de barge""}]}"
"ref","FretFluvCat7Request","=K522","FretFluvCat7DistAn","=K526 * IF(ISNUMBER(SEARCH(""La distance parcourue annuellement pour ce type de barge"", F526)),1,0)","OUI","{""operator"":""AND"",""conditions"":[{""operator"":""OR"",""conditions"":[{""type"":""contains"",""excel_indicator_id"":""ActionsCharte"",""value"":""C4"",""excel_indicator_situation"":""init""},{""type"":""contains"",""excel_indicator_id"":""ActionsAutres"",""value"":""C4"",""excel_indicator_situation"":""init""}]},{""type"":""contains"",""excel_indicator_id"":""FretFluvCat7Request"",""value"":""La distance parcourue annuellement pour ce type de barge""}]}"
"ref","FretFluvCat8Request","=K533","FretFluvCat8NbTraj","=K537 * IF(ISNUMBER(SEARCH(""Une estimation du nombre annuel de trajets pour ce type de barge"", F537)),1,0)","OUI","{""operator"":""AND"",""conditions"":[{""operator"":""OR"",""conditions"":[{""type"":""contains"",""excel_indicator_id"":""ActionsCharte"",""value"":""C4"",""excel_indicator_situation"":""init""},{""type"":""contains"",""excel_indicator_id"":""ActionsAutres"",""value"":""C4"",""excel_indicator_situation"":""init""}]},{""type"":""contains"",""excel_indicator_id"":""FretFluvCat8Request"",""value"":""Une estimation du nombre annuel de trajets pour ce type de barge""}]}"
"ref","FretFluvCat8Request","=K533","FretFluvCat8DistAn","=K537 * IF(ISNUMBER(SEARCH(""La distance parcourue annuellement pour ce type de barge"", F537)),1,0)","OUI","{""operator"":""AND"",""conditions"":[{""operator"":""OR"",""conditions"":[{""type"":""contains"",""excel_indicator_id"":""ActionsCharte"",""value"":""C4"",""excel_indicator_situation"":""init""},{""type"":""contains"",""excel_indicator_id"":""ActionsAutres"",""value"":""C4"",""excel_indicator_situation"":""init""}]},{""type"":""contains"",""excel_indicator_id"":""FretFluvCat8Request"",""value"":""La distance parcourue annuellement pour ce type de barge""}]}"
"ref","FretFluvCat9Request","=K544","FretFluvCat9NbTraj","=K548 * IF(ISNUMBER(SEARCH(""Une estimation du nombre annuel de trajets pour ce type de barge"", F548)),1,0)","OUI","{""operator"":""AND"",""conditions"":[{""operator"":""OR"",""conditions"":[{""type"":""contains"",""excel_indicator_id"":""ActionsCharte"",""value"":""C4"",""excel_indicator_situation"":""init""},{""type"":""contains"",""excel_indicator_id"":""ActionsAutres"",""value"":""C4"",""excel_indicator_situation"":""init""}]},{""type"":""contains"",""excel_indicator_id"":""FretFluvCat9Request"",""value"":""Une estimation du nombre annuel de trajets pour ce type de barge""}]}"
"ref","FretFluvCat9Request","=K544","FretFluvCat9DistAn","=K548 * IF(ISNUMBER(SEARCH(""La distance parcourue annuellement pour ce type de barge"", F548)),1,0)","OUI","{""operator"":""AND"",""conditions"":[{""operator"":""OR"",""conditions"":[{""type"":""contains"",""excel_indicator_id"":""ActionsCharte"",""value"":""C4"",""excel_indicator_situation"":""init""},{""type"":""contains"",""excel_indicator_id"":""ActionsAutres"",""value"":""C4"",""excel_indicator_situation"":""init""}]},{""type"":""contains"",""excel_indicator_id"":""FretFluvCat9Request"",""value"":""La distance parcourue annuellement pour ce type de barge""}]}"
"ref","FretFluvCat10Request","=K555","FretFluvCat10NbTraj","=K559 * IF(ISNUMBER(SEARCH(""Une estimation du nombre annuel de trajets pour ce type de barge"", F559)),1,0)","OUI","{""operator"":""AND"",""conditions"":[{""operator"":""OR"",""conditions"":[{""type"":""contains"",""excel_indicator_id"":""ActionsCharte"",""value"":""C4"",""excel_indicator_situation"":""init""},{""type"":""contains"",""excel_indicator_id"":""ActionsAutres"",""value"":""C4"",""excel_indicator_situation"":""init""}]},{""type"":""contains"",""excel_indicator_id"":""FretFluvCat10Request"",""value"":""Une estimation du nombre annuel de trajets pour ce type de barge""}]}"
"ref","FretFluvCat10Request","=K555","FretFluvCat10DistAn","=K559 * IF(ISNUMBER(SEARCH(""La distance parcourue annuellement pour ce type de barge"", F559)),1,0)","OUI","{""operator"":""AND"",""conditions"":[{""operator"":""OR"",""conditions"":[{""type"":""contains"",""excel_indicator_id"":""ActionsCharte"",""value"":""C4"",""excel_indicator_situation"":""init""},{""type"":""contains"",""excel_indicator_id"":""ActionsAutres"",""value"":""C4"",""excel_indicator_situation"":""init""}]},{""type"":""contains"",""excel_indicator_id"":""FretFluvCat10Request"",""value"":""La distance parcourue annuellement pour ce type de barge""}]}"
"ref","FretFluvCat11Request","=K566","FretFluvCat11NbTraj","=K570 * IF(ISNUMBER(SEARCH(""Une estimation du nombre annuel de trajets pour ce type de barge"", F570)),1,0)","OUI","{""operator"":""AND"",""conditions"":[{""operator"":""OR"",""conditions"":[{""type"":""contains"",""excel_indicator_id"":""ActionsCharte"",""value"":""C4"",""excel_indicator_situation"":""init""},{""type"":""contains"",""excel_indicator_id"":""ActionsAutres"",""value"":""C4"",""excel_indicator_situation"":""init""}]},{""type"":""contains"",""excel_indicator_id"":""FretFluvCat11Request"",""value"":""Une estimation du nombre annuel de trajets pour ce type de barge""}]}"
"ref","FretFluvCat11Request","=K566","FretFluvCat11DistAn","=K570 * IF(ISNUMBER(SEARCH(""La distance parcourue annuellement pour ce type de barge"", F570)),1,0)","OUI","{""operator"":""AND"",""conditions"":[{""operator"":""OR"",""conditions"":[{""type"":""contains"",""excel_indicator_id"":""ActionsCharte"",""value"":""C4"",""excel_indicator_situation"":""init""},{""type"":""contains"",""excel_indicator_id"":""ActionsAutres"",""value"":""C4"",""excel_indicator_situation"":""init""}]},{""type"":""contains"",""excel_indicator_id"":""FretFluvCat11Request"",""value"":""La distance parcourue annuellement pour ce type de barge""}]}"
"ref","FretFluvCat12Request","=K577","FretFluvCat12NbTraj","=K581 * IF(ISNUMBER(SEARCH(""Une estimation du nombre annuel de trajets pour ce type de barge"", F581)),1,0)","OUI","{""operator"":""AND"",""conditions"":[{""operator"":""OR"",""conditions"":[{""type"":""contains"",""excel_indicator_id"":""ActionsCharte"",""value"":""C4"",""excel_indicator_situation"":""init""},{""type"":""contains"",""excel_indicator_id"":""ActionsAutres"",""value"":""C4"",""excel_indicator_situation"":""init""}]},{""type"":""contains"",""excel_indicator_id"":""FretFluvCat12Request"",""value"":""Une estimation du nombre annuel de trajets pour ce type de barge""}]}"
"ref","FretFluvCat12Request","=K577","FretFluvCat12DistAn","=K581 * IF(ISNUMBER(SEARCH(""La distance parcourue annuellement pour ce type de barge"", F581)),1,0)","OUI","{""operator"":""AND"",""conditions"":[{""operator"":""OR"",""conditions"":[{""type"":""contains"",""excel_indicator_id"":""ActionsCharte"",""value"":""C4"",""excel_indicator_situation"":""init""},{""type"":""contains"",""excel_indicator_id"":""ActionsAutres"",""value"":""C4"",""excel_indicator_situation"":""init""}]},{""type"":""contains"",""excel_indicator_id"":""FretFluvCat12Request"",""value"":""La distance parcourue annuellement pour ce type de barge""}]}"
"ref","FretFluvCat13Request","=K588","FretFluvCat13NbTraj","=K592 * IF(ISNUMBER(SEARCH(""Une estimation du nombre annuel de trajets pour ce type de barge"", F592)),1,0)","OUI","{""operator"":""AND"",""conditions"":[{""operator"":""OR"",""conditions"":[{""type"":""contains"",""excel_indicator_id"":""ActionsCharte"",""value"":""C4"",""excel_indicator_situation"":""init""},{""type"":""contains"",""excel_indicator_id"":""ActionsAutres"",""value"":""C4"",""excel_indicator_situation"":""init""}]},{""type"":""contains"",""excel_indicator_id"":""FretFluvCat13Request"",""value"":""Une estimation du nombre annuel de trajets pour ce type de barge""}]}"
"ref","FretFluvCat13Request","=K588","FretFluvCat13DistAn","=K592 * IF(ISNUMBER(SEARCH(""La distance parcourue annuellement pour ce type de barge"", F592)),1,0)","OUI","{""operator"":""AND"",""conditions"":[{""operator"":""OR"",""conditions"":[{""type"":""contains"",""excel_indicator_id"":""ActionsCharte"",""value"":""C4"",""excel_indicator_situation"":""init""},{""type"":""contains"",""excel_indicator_id"":""ActionsAutres"",""value"":""C4"",""excel_indicator_situation"":""init""}]},{""type"":""contains"",""excel_indicator_id"":""FretFluvCat13Request"",""value"":""La distance parcourue annuellement pour ce type de barge""}]}"
"ref","FretFluvCat14Request","=K599","FretFluvCat14NbTraj","=K603 * IF(ISNUMBER(SEARCH(""Une estimation du nombre annuel de trajets pour ce type de barge"", F603)),1,0)","OUI","{""operator"":""AND"",""conditions"":[{""operator"":""OR"",""conditions"":[{""type"":""contains"",""excel_indicator_id"":""ActionsCharte"",""value"":""C4"",""excel_indicator_situation"":""init""},{""type"":""contains"",""excel_indicator_id"":""ActionsAutres"",""value"":""C4"",""excel_indicator_situation"":""init""}]},{""type"":""contains"",""excel_indicator_id"":""FretFluvCat14Request"",""value"":""Une estimation du nombre annuel de trajets pour ce type de barge""}]}"
"ref","FretFluvCat14Request","=K599","FretFluvCat14DistAn","=K603 * IF(ISNUMBER(SEARCH(""La distance parcourue annuellement pour ce type de barge"", F603)),1,0)","OUI","{""operator"":""AND"",""conditions"":[{""operator"":""OR"",""conditions"":[{""type"":""contains"",""excel_indicator_id"":""ActionsCharte"",""value"":""C4"",""excel_indicator_situation"":""init""},{""type"":""contains"",""excel_indicator_id"":""ActionsAutres"",""value"":""C4"",""excel_indicator_situation"":""init""}]},{""type"":""contains"",""excel_indicator_id"":""FretFluvCat14Request"",""value"":""La distance parcourue annuellement pour ce type de barge""}]}"
"ref","FretFluvCat15Request","=K610","FretFluvCat15NbTraj","=K614 * IF(ISNUMBER(SEARCH(""Une estimation du nombre annuel de trajets pour ce type de barge"", F614)),1,0)","OUI","{""operator"":""AND"",""conditions"":[{""operator"":""OR"",""conditions"":[{""type"":""contains"",""excel_indicator_id"":""ActionsCharte"",""value"":""C4"",""excel_indicator_situation"":""init""},{""type"":""contains"",""excel_indicator_id"":""ActionsAutres"",""value"":""C4"",""excel_indicator_situation"":""init""}]},{""type"":""contains"",""excel_indicator_id"":""FretFluvCat15Request"",""value"":""Une estimation du nombre annuel de trajets pour ce type de barge""}]}"
"ref","FretFluvCat15Request","=K610","FretFluvCat15DistAn","=K614 * IF(ISNUMBER(SEARCH(""La distance parcourue annuellement pour ce type de barge"", F614)),1,0)","OUI","{""operator"":""AND"",""conditions"":[{""operator"":""OR"",""conditions"":[{""type"":""contains"",""excel_indicator_id"":""ActionsCharte"",""value"":""C4"",""excel_indicator_situation"":""init""},{""type"":""contains"",""excel_indicator_id"":""ActionsAutres"",""value"":""C4"",""excel_indicator_situation"":""init""}]},{""type"":""contains"",""excel_indicator_id"":""FretFluvCat15Request"",""value"":""La distance parcourue annuellement pour ce type de barge""}]}"
"ref","FretFluvCat16Request","=K621","FretFluvCat16NbTraj","=K625 * IF(ISNUMBER(SEARCH(""Une estimation du nombre annuel de trajets pour ce type de barge"", F625)),1,0)","OUI","{""operator"":""AND"",""conditions"":[{""operator"":""OR"",""conditions"":[{""type"":""contains"",""excel_indicator_id"":""ActionsCharte"",""value"":""C4"",""excel_indicator_situation"":""init""},{""type"":""contains"",""excel_indicator_id"":""ActionsAutres"",""value"":""C4"",""excel_indicator_situation"":""init""}]},{""type"":""contains"",""excel_indicator_id"":""FretFluvCat16Request"",""value"":""Une estimation du nombre annuel de trajets pour ce type de barge""}]}"
"ref","FretFluvCat16Request","=K621","FretFluvCat16DistAn","=K625 * IF(ISNUMBER(SEARCH(""La distance parcourue annuellement pour ce type de barge"", F625)),1,0)","OUI","{""operator"":""AND"",""conditions"":[{""operator"":""OR"",""conditions"":[{""type"":""contains"",""excel_indicator_id"":""ActionsCharte"",""value"":""C4"",""excel_indicator_situation"":""init""},{""type"":""contains"",""excel_indicator_id"":""ActionsAutres"",""value"":""C4"",""excel_indicator_situation"":""init""}]},{""type"":""contains"",""excel_indicator_id"":""FretFluvCat16Request"",""value"":""La distance parcourue annuellement pour ce type de barge""}]}"
"ref","FretFluvCat17Request","=K632","FretFluvCat17NbTraj","=K636 * IF(ISNUMBER(SEARCH(""Une estimation du nombre annuel de trajets pour ce type de barge"", F636)),1,0)","OUI","{""operator"":""AND"",""conditions"":[{""operator"":""OR"",""conditions"":[{""type"":""contains"",""excel_indicator_id"":""ActionsCharte"",""value"":""C4"",""excel_indicator_situation"":""init""},{""type"":""contains"",""excel_indicator_id"":""ActionsAutres"",""value"":""C4"",""excel_indicator_situation"":""init""}]},{""type"":""contains"",""excel_indicator_id"":""FretFluvCat17Request"",""value"":""Une estimation du nombre annuel de trajets pour ce type de barge""}]}"
"ref","FretFluvCat17Request","=K632","FretFluvCat17DistAn","=K636 * IF(ISNUMBER(SEARCH(""La distance parcourue annuellement pour ce type de barge"", F636)),1,0)","OUI","{""operator"":""AND"",""conditions"":[{""operator"":""OR"",""conditions"":[{""type"":""contains"",""excel_indicator_id"":""ActionsCharte"",""value"":""C4"",""excel_indicator_situation"":""init""},{""type"":""contains"",""excel_indicator_id"":""ActionsAutres"",""value"":""C4"",""excel_indicator_situation"":""init""}]},{""type"":""contains"",""excel_indicator_id"":""FretFluvCat17Request"",""value"":""La distance parcourue annuellement pour ce type de barge""}]}"
"ref","FretFluvCat18Request","=K643","FretFluvCat18NbTraj","=K647 * IF(ISNUMBER(SEARCH(""Une estimation du nombre annuel de trajets pour ce type de barge"", F647)),1,0)","OUI","{""operator"":""AND"",""conditions"":[{""operator"":""OR"",""conditions"":[{""type"":""contains"",""excel_indicator_id"":""ActionsCharte"",""value"":""C4"",""excel_indicator_situation"":""init""},{""type"":""contains"",""excel_indicator_id"":""ActionsAutres"",""value"":""C4"",""excel_indicator_situation"":""init""}]},{""type"":""contains"",""excel_indicator_id"":""FretFluvCat18Request"",""value"":""Une estimation du nombre annuel de trajets pour ce type de barge""}]}"
"ref","FretFluvCat18Request","=K643","FretFluvCat18DistAn","=K647 * IF(ISNUMBER(SEARCH(""La distance parcourue annuellement pour ce type de barge"", F647)),1,0)","OUI","{""operator"":""AND"",""conditions"":[{""operator"":""OR"",""conditions"":[{""type"":""contains"",""excel_indicator_id"":""ActionsCharte"",""value"":""C4"",""excel_indicator_situation"":""init""},{""type"":""contains"",""excel_indicator_id"":""ActionsAutres"",""value"":""C4"",""excel_indicator_situation"":""init""}]},{""type"":""contains"",""excel_indicator_id"":""FretFluvCat18Request"",""value"":""La distance parcourue annuellement pour ce type de barge""}]}"
"ref","FretFluvCat19Request","=K654","FretFluvCat19NbTraj","=K658 * IF(ISNUMBER(SEARCH(""Une estimation du nombre annuel de trajets pour ce type de barge"", F658)),1,0)","OUI","{""operator"":""AND"",""conditions"":[{""operator"":""OR"",""conditions"":[{""type"":""contains"",""excel_indicator_id"":""ActionsCharte"",""value"":""C4"",""excel_indicator_situation"":""init""},{""type"":""contains"",""excel_indicator_id"":""ActionsAutres"",""value"":""C4"",""excel_indicator_situation"":""init""}]},{""type"":""contains"",""excel_indicator_id"":""FretFluvCat19Request"",""value"":""Une estimation du nombre annuel de trajets pour ce type de barge""}]}"
"ref","FretFluvCat19Request","=K654","FretFluvCat19DistAn","=K658 * IF(ISNUMBER(SEARCH(""La distance parcourue annuellement pour ce type de barge"", F658)),1,0)","OUI","{""operator"":""AND"",""conditions"":[{""operator"":""OR"",""conditions"":[{""type"":""contains"",""excel_indicator_id"":""ActionsCharte"",""value"":""C4"",""excel_indicator_situation"":""init""},{""type"":""contains"",""excel_indicator_id"":""ActionsAutres"",""value"":""C4"",""excel_indicator_situation"":""init""}]},{""type"":""contains"",""excel_indicator_id"":""FretFluvCat19Request"",""value"":""La distance parcourue annuellement pour ce type de barge""}]}"
"ref","FretFluvCat20Request","=K665","FretFluvCat20NbTraj","=K669 * IF(ISNUMBER(SEARCH(""Une estimation du nombre annuel de trajets pour ce type de barge"", F669)),1,0)","OUI","{""operator"":""AND"",""conditions"":[{""operator"":""OR"",""conditions"":[{""type"":""contains"",""excel_indicator_id"":""ActionsCharte"",""value"":""C4"",""excel_indicator_situation"":""init""},{""type"":""contains"",""excel_indicator_id"":""ActionsAutres"",""value"":""C4"",""excel_indicator_situation"":""init""}]},{""type"":""contains"",""excel_indicator_id"":""FretFluvCat20Request"",""value"":""Une estimation du nombre annuel de trajets pour ce type de barge""}]}"
"ref","FretFluvCat20Request","=K665","FretFluvCat20DistAn","=K669 * IF(ISNUMBER(SEARCH(""La distance parcourue annuellement pour ce type de barge"", F669)),1,0)","OUI","{""operator"":""AND"",""conditions"":[{""operator"":""OR"",""conditions"":[{""type"":""contains"",""excel_indicator_id"":""ActionsCharte"",""value"":""C4"",""excel_indicator_situation"":""init""},{""type"":""contains"",""excel_indicator_id"":""ActionsAutres"",""value"":""C4"",""excel_indicator_situation"":""init""}]},{""type"":""contains"",""excel_indicator_id"":""FretFluvCat20Request"",""value"":""La distance parcourue annuellement pour ce type de barge""}]}"
"ref","FretFluvCat21Request","=K676","FretFluvCat21NbTraj","=K680 * IF(ISNUMBER(SEARCH(""Une estimation du nombre annuel de trajets pour ce type de barge"", F680)),1,0)","OUI","{""operator"":""AND"",""conditions"":[{""operator"":""OR"",""conditions"":[{""type"":""contains"",""excel_indicator_id"":""ActionsCharte"",""value"":""C4"",""excel_indicator_situation"":""init""},{""type"":""contains"",""excel_indicator_id"":""ActionsAutres"",""value"":""C4"",""excel_indicator_situation"":""init""}]},{""type"":""contains"",""excel_indicator_id"":""FretFluvCat21Request"",""value"":""Une estimation du nombre annuel de trajets pour ce type de barge""}]}"
"ref","FretFluvCat21Request","=K676","FretFluvCat21DistAn","=K680 * IF(ISNUMBER(SEARCH(""La distance parcourue annuellement pour ce type de barge"", F680)),1,0)","OUI","{""operator"":""AND"",""conditions"":[{""operator"":""OR"",""conditions"":[{""type"":""contains"",""excel_indicator_id"":""ActionsCharte"",""value"":""C4"",""excel_indicator_situation"":""init""},{""type"":""contains"",""excel_indicator_id"":""ActionsAutres"",""value"":""C4"",""excel_indicator_situation"":""init""}]},{""type"":""contains"",""excel_indicator_id"":""FretFluvCat21Request"",""value"":""La distance parcourue annuellement pour ce type de barge""}]}"
"ref","FretFluvCat22Request","=K687","FretFluvCat22NbTraj","=K691 * IF(ISNUMBER(SEARCH(""Une estimation du nombre annuel de trajets pour ce type de barge"", F691)),1,0)","OUI","{""operator"":""AND"",""conditions"":[{""operator"":""OR"",""conditions"":[{""type"":""contains"",""excel_indicator_id"":""ActionsCharte"",""value"":""C4"",""excel_indicator_situation"":""init""},{""type"":""contains"",""excel_indicator_id"":""ActionsAutres"",""value"":""C4"",""excel_indicator_situation"":""init""}]},{""type"":""contains"",""excel_indicator_id"":""FretFluvCat22Request"",""value"":""Une estimation du nombre annuel de trajets pour ce type de barge""}]}"
"ref","FretFluvCat22Request","=K687","FretFluvCat22DistAn","=K691 * IF(ISNUMBER(SEARCH(""La distance parcourue annuellement pour ce type de barge"", F691)),1,0)","OUI","{""operator"":""AND"",""conditions"":[{""operator"":""OR"",""conditions"":[{""type"":""contains"",""excel_indicator_id"":""ActionsCharte"",""value"":""C4"",""excel_indicator_situation"":""init""},{""type"":""contains"",""excel_indicator_id"":""ActionsAutres"",""value"":""C4"",""excel_indicator_situation"":""init""}]},{""type"":""contains"",""excel_indicator_id"":""FretFluvCat22Request"",""value"":""La distance parcourue annuellement pour ce type de barge""}]}"
"ref","FretFluvCat23Request","=K698","FretFluvCat23NbTraj","=K702 * IF(ISNUMBER(SEARCH(""Une estimation du nombre annuel de trajets pour ce type de barge"", F702)),1,0)","OUI","{""operator"":""AND"",""conditions"":[{""operator"":""OR"",""conditions"":[{""type"":""contains"",""excel_indicator_id"":""ActionsCharte"",""value"":""C4"",""excel_indicator_situation"":""init""},{""type"":""contains"",""excel_indicator_id"":""ActionsAutres"",""value"":""C4"",""excel_indicator_situation"":""init""}]},{""type"":""contains"",""excel_indicator_id"":""FretFluvCat23Request"",""value"":""Une estimation du nombre annuel de trajets pour ce type de barge""}]}"
"ref","FretFluvCat23Request","=K698","FretFluvCat23DistAn","=K702 * IF(ISNUMBER(SEARCH(""La distance parcourue annuellement pour ce type de barge"", F702)),1,0)","OUI","{""operator"":""AND"",""conditions"":[{""operator"":""OR"",""conditions"":[{""type"":""contains"",""excel_indicator_id"":""ActionsCharte"",""value"":""C4"",""excel_indicator_situation"":""init""},{""type"":""contains"",""excel_indicator_id"":""ActionsAutres"",""value"":""C4"",""excel_indicator_situation"":""init""}]},{""type"":""contains"",""excel_indicator_id"":""FretFluvCat23Request"",""value"":""La distance parcourue annuellement pour ce type de barge""}]}"
"ref","FretFluvCat24Request","=K709","FretFluvCat24NbTraj","=K713 * IF(ISNUMBER(SEARCH(""Une estimation du nombre annuel de trajets pour ce type de barge"", F713)),1,0)","OUI","{""operator"":""AND"",""conditions"":[{""operator"":""OR"",""conditions"":[{""type"":""contains"",""excel_indicator_id"":""ActionsCharte"",""value"":""C4"",""excel_indicator_situation"":""init""},{""type"":""contains"",""excel_indicator_id"":""ActionsAutres"",""value"":""C4"",""excel_indicator_situation"":""init""}]},{""type"":""contains"",""excel_indicator_id"":""FretFluvCat24Request"",""value"":""Une estimation du nombre annuel de trajets pour ce type de barge""}]}"
"ref","FretFluvCat24Request","=K709","FretFluvCat24DistAn","=K713 * IF(ISNUMBER(SEARCH(""La distance parcourue annuellement pour ce type de barge"", F713)),1,0)","OUI","{""operator"":""AND"",""conditions"":[{""operator"":""OR"",""conditions"":[{""type"":""contains"",""excel_indicator_id"":""ActionsCharte"",""value"":""C4"",""excel_indicator_situation"":""init""},{""type"":""contains"",""excel_indicator_id"":""ActionsAutres"",""value"":""C4"",""excel_indicator_situation"":""init""}]},{""type"":""contains"",""excel_indicator_id"":""FretFluvCat24Request"",""value"":""La distance parcourue annuellement pour ce type de barge""}]}"
"ref","FretFluvCat25Request","=K720","FretFluvCat25NbTraj","=K724 * IF(ISNUMBER(SEARCH(""Une estimation du nombre annuel de trajets pour ce type de barge"", F724)),1,0)","OUI","{""operator"":""AND"",""conditions"":[{""operator"":""OR"",""conditions"":[{""type"":""contains"",""excel_indicator_id"":""ActionsCharte"",""value"":""C4"",""excel_indicator_situation"":""init""},{""type"":""contains"",""excel_indicator_id"":""ActionsAutres"",""value"":""C4"",""excel_indicator_situation"":""init""}]},{""type"":""contains"",""excel_indicator_id"":""FretFluvCat25Request"",""value"":""Une estimation du nombre annuel de trajets pour ce type de barge""}]}"
"ref","FretFluvCat25Request","=K720","FretFluvCat25DistAn","=K724 * IF(ISNUMBER(SEARCH(""La distance parcourue annuellement pour ce type de barge"", F724)),1,0)","OUI","{""operator"":""AND"",""conditions"":[{""operator"":""OR"",""conditions"":[{""type"":""contains"",""excel_indicator_id"":""ActionsCharte"",""value"":""C4"",""excel_indicator_situation"":""init""},{""type"":""contains"",""excel_indicator_id"":""ActionsAutres"",""value"":""C4"",""excel_indicator_situation"":""init""}]},{""type"":""contains"",""excel_indicator_id"":""FretFluvCat25Request"",""value"":""La distance parcourue annuellement pour ce type de barge""}]}"
"ref","FretFluvCat26Request","=K731","FretFluvCat26NbTraj","=K735 * IF(ISNUMBER(SEARCH(""Une estimation du nombre annuel de trajets pour ce type de barge"", F735)),1,0)","OUI","{""operator"":""AND"",""conditions"":[{""operator"":""OR"",""conditions"":[{""type"":""contains"",""excel_indicator_id"":""ActionsCharte"",""value"":""C4"",""excel_indicator_situation"":""init""},{""type"":""contains"",""excel_indicator_id"":""ActionsAutres"",""value"":""C4"",""excel_indicator_situation"":""init""}]},{""type"":""contains"",""excel_indicator_id"":""FretFluvCat26Request"",""value"":""Une estimation du nombre annuel de trajets pour ce type de barge""}]}"
"ref","FretFluvCat26Request","=K731","FretFluvCat26DistAn","=K735 * IF(ISNUMBER(SEARCH(""La distance parcourue annuellement pour ce type de barge"", F735)),1,0)","OUI","{""operator"":""AND"",""conditions"":[{""operator"":""OR"",""conditions"":[{""type"":""contains"",""excel_indicator_id"":""ActionsCharte"",""value"":""C4"",""excel_indicator_situation"":""init""},{""type"":""contains"",""excel_indicator_id"":""ActionsAutres"",""value"":""C4"",""excel_indicator_situation"":""init""}]},{""type"":""contains"",""excel_indicator_id"":""FretFluvCat26Request"",""value"":""La distance parcourue annuellement pour ce type de barge""}]}"
"ref","FretFluvCat27Request","=K742","FretFluvCat27NbTraj","=K746 * IF(ISNUMBER(SEARCH(""Une estimation du nombre annuel de trajets pour ce type de barge"", F746)),1,0)","OUI","{""operator"":""AND"",""conditions"":[{""operator"":""OR"",""conditions"":[{""type"":""contains"",""excel_indicator_id"":""ActionsCharte"",""value"":""C4"",""excel_indicator_situation"":""init""},{""type"":""contains"",""excel_indicator_id"":""ActionsAutres"",""value"":""C4"",""excel_indicator_situation"":""init""}]},{""type"":""contains"",""excel_indicator_id"":""FretFluvCat27Request"",""value"":""Une estimation du nombre annuel de trajets pour ce type de barge""}]}"
"ref","FretFluvCat27Request","=K742","FretFluvCat27DistAn","=K746 * IF(ISNUMBER(SEARCH(""La distance parcourue annuellement pour ce type de barge"", F746)),1,0)","OUI","{""operator"":""AND"",""conditions"":[{""operator"":""OR"",""conditions"":[{""type"":""contains"",""excel_indicator_id"":""ActionsCharte"",""value"":""C4"",""excel_indicator_situation"":""init""},{""type"":""contains"",""excel_indicator_id"":""ActionsAutres"",""value"":""C4"",""excel_indicator_situation"":""init""}]},{""type"":""contains"",""excel_indicator_id"":""FretFluvCat27Request"",""value"":""La distance parcourue annuellement pour ce type de barge""}]}"
"ref","FretFluvCat28Request","=K753","FretFluvCat28NbTraj","=K757 * IF(ISNUMBER(SEARCH(""Une estimation du nombre annuel de trajets pour ce type de barge"", F757)),1,0)","OUI","{""operator"":""AND"",""conditions"":[{""operator"":""OR"",""conditions"":[{""type"":""contains"",""excel_indicator_id"":""ActionsCharte"",""value"":""C4"",""excel_indicator_situation"":""init""},{""type"":""contains"",""excel_indicator_id"":""ActionsAutres"",""value"":""C4"",""excel_indicator_situation"":""init""}]},{""type"":""contains"",""excel_indicator_id"":""FretFluvCat28Request"",""value"":""Une estimation du nombre annuel de trajets pour ce type de barge""}]}"
"ref","FretFluvCat28Request","=K753","FretFluvCat28DistAn","=K757 * IF(ISNUMBER(SEARCH(""La distance parcourue annuellement pour ce type de barge"", F757)),1,0)","OUI","{""operator"":""AND"",""conditions"":[{""operator"":""OR"",""conditions"":[{""type"":""contains"",""excel_indicator_id"":""ActionsCharte"",""value"":""C4"",""excel_indicator_situation"":""init""},{""type"":""contains"",""excel_indicator_id"":""ActionsAutres"",""value"":""C4"",""excel_indicator_situation"":""init""}]},{""type"":""contains"",""excel_indicator_id"":""FretFluvCat28Request"",""value"":""La distance parcourue annuellement pour ce type de barge""}]}"
"ref","FretFluvCat29Request","=K764","FretFluvCat29NbTraj","=K768 * IF(ISNUMBER(SEARCH(""Une estimation du nombre annuel de trajets pour ce type de barge"", F768)),1,0)","OUI","{""operator"":""AND"",""conditions"":[{""operator"":""OR"",""conditions"":[{""type"":""contains"",""excel_indicator_id"":""ActionsCharte"",""value"":""C4"",""excel_indicator_situation"":""init""},{""type"":""contains"",""excel_indicator_id"":""ActionsAutres"",""value"":""C4"",""excel_indicator_situation"":""init""}]},{""type"":""contains"",""excel_indicator_id"":""FretFluvCat29Request"",""value"":""Une estimation du nombre annuel de trajets pour ce type de barge""}]}"
"ref","FretFluvCat29Request","=K764","FretFluvCat29DistAn","=K768 * IF(ISNUMBER(SEARCH(""La distance parcourue annuellement pour ce type de barge"", F768)),1,0)","OUI","{""operator"":""AND"",""conditions"":[{""operator"":""OR"",""conditions"":[{""type"":""contains"",""excel_indicator_id"":""ActionsCharte"",""value"":""C4"",""excel_indicator_situation"":""init""},{""type"":""contains"",""excel_indicator_id"":""ActionsAutres"",""value"":""C4"",""excel_indicator_situation"":""init""}]},{""type"":""contains"",""excel_indicator_id"":""FretFluvCat29Request"",""value"":""La distance parcourue annuellement pour ce type de barge""}]}"
"ref","FretFluvCat30Request","=K775","FretFluvCat30NbTraj","=K779 * IF(ISNUMBER(SEARCH(""Une estimation du nombre annuel de trajets pour ce type de barge"", F779)),1,0)","OUI","{""operator"":""AND"",""conditions"":[{""operator"":""OR"",""conditions"":[{""type"":""contains"",""excel_indicator_id"":""ActionsCharte"",""value"":""C4"",""excel_indicator_situation"":""init""},{""type"":""contains"",""excel_indicator_id"":""ActionsAutres"",""value"":""C4"",""excel_indicator_situation"":""init""}]},{""type"":""contains"",""excel_indicator_id"":""FretFluvCat30Request"",""value"":""Une estimation du nombre annuel de trajets pour ce type de barge""}]}"
"ref","FretFluvCat30Request","=K775","FretFluvCat30DistAn","=K779 * IF(ISNUMBER(SEARCH(""La distance parcourue annuellement pour ce type de barge"", F779)),1,0)","OUI","{""operator"":""AND"",""conditions"":[{""operator"":""OR"",""conditions"":[{""type"":""contains"",""excel_indicator_id"":""ActionsCharte"",""value"":""C4"",""excel_indicator_situation"":""init""},{""type"":""contains"",""excel_indicator_id"":""ActionsAutres"",""value"":""C4"",""excel_indicator_situation"":""init""}]},{""type"":""contains"",""excel_indicator_id"":""FretFluvCat30Request"",""value"":""La distance parcourue annuellement pour ce type de barge""}]}"
"ref","FretFluvCat31Request","=K786","FretFluvCat31NbTraj","=K790 * IF(ISNUMBER(SEARCH(""Une estimation du nombre annuel de trajets pour ce type de barge"", F790)),1,0)","OUI","{""operator"":""AND"",""conditions"":[{""operator"":""OR"",""conditions"":[{""type"":""contains"",""excel_indicator_id"":""ActionsCharte"",""value"":""C4"",""excel_indicator_situation"":""init""},{""type"":""contains"",""excel_indicator_id"":""ActionsAutres"",""value"":""C4"",""excel_indicator_situation"":""init""}]},{""type"":""contains"",""excel_indicator_id"":""FretFluvCat31Request"",""value"":""Une estimation du nombre annuel de trajets pour ce type de barge""}]}"
"ref","FretFluvCat31Request","=K786","FretFluvCat31DistAn","=K790 * IF(ISNUMBER(SEARCH(""La distance parcourue annuellement pour ce type de barge"", F790)),1,0)","OUI","{""operator"":""AND"",""conditions"":[{""operator"":""OR"",""conditions"":[{""type"":""contains"",""excel_indicator_id"":""ActionsCharte"",""value"":""C4"",""excel_indicator_situation"":""init""},{""type"":""contains"",""excel_indicator_id"":""ActionsAutres"",""value"":""C4"",""excel_indicator_situation"":""init""}]},{""type"":""contains"",""excel_indicator_id"":""FretFluvCat31Request"",""value"":""La distance parcourue annuellement pour ce type de barge""}]}"
"ref","FretFluvCat32Request","=K797","FretFluvCat32NbTraj","=K801 * IF(ISNUMBER(SEARCH(""Une estimation du nombre annuel de trajets pour ce type de barge"", F801)),1,0)","OUI","{""operator"":""AND"",""conditions"":[{""operator"":""OR"",""conditions"":[{""type"":""contains"",""excel_indicator_id"":""ActionsCharte"",""value"":""C4"",""excel_indicator_situation"":""init""},{""type"":""contains"",""excel_indicator_id"":""ActionsAutres"",""value"":""C4"",""excel_indicator_situation"":""init""}]},{""type"":""contains"",""excel_indicator_id"":""FretFluvCat32Request"",""value"":""Une estimation du nombre annuel de trajets pour ce type de barge""}]}"
"ref","FretFluvCat32Request","=K797","FretFluvCat32DistAn","=K801 * IF(ISNUMBER(SEARCH(""La distance parcourue annuellement pour ce type de barge"", F801)),1,0)","OUI","{""operator"":""AND"",""conditions"":[{""operator"":""OR"",""conditions"":[{""type"":""contains"",""excel_indicator_id"":""ActionsCharte"",""value"":""C4"",""excel_indicator_situation"":""init""},{""type"":""contains"",""excel_indicator_id"":""ActionsAutres"",""value"":""C4"",""excel_indicator_situation"":""init""}]},{""type"":""contains"",""excel_indicator_id"":""FretFluvCat32Request"",""value"":""La distance parcourue annuellement pour ce type de barge""}]}"
"ref","FretFluvCat33Request","=K808","FretFluvCat33NbTraj","=K812 * IF(ISNUMBER(SEARCH(""Une estimation du nombre annuel de trajets pour ce type de barge"", F812)),1,0)","OUI","{""operator"":""AND"",""conditions"":[{""operator"":""OR"",""conditions"":[{""type"":""contains"",""excel_indicator_id"":""ActionsCharte"",""value"":""C4"",""excel_indicator_situation"":""init""},{""type"":""contains"",""excel_indicator_id"":""ActionsAutres"",""value"":""C4"",""excel_indicator_situation"":""init""}]},{""type"":""contains"",""excel_indicator_id"":""FretFluvCat33Request"",""value"":""Une estimation du nombre annuel de trajets pour ce type de barge""}]}"
"ref","FretFluvCat33Request","=K808","FretFluvCat33DistAn","=K812 * IF(ISNUMBER(SEARCH(""La distance parcourue annuellement pour ce type de barge"", F812)),1,0)","OUI","{""operator"":""AND"",""conditions"":[{""operator"":""OR"",""conditions"":[{""type"":""contains"",""excel_indicator_id"":""ActionsCharte"",""value"":""C4"",""excel_indicator_situation"":""init""},{""type"":""contains"",""excel_indicator_id"":""ActionsAutres"",""value"":""C4"",""excel_indicator_situation"":""init""}]},{""type"":""contains"",""excel_indicator_id"":""FretFluvCat33Request"",""value"":""La distance parcourue annuellement pour ce type de barge""}]}"
"ref","FretFluvCat34Request","=K819","FretFluvCat34NbTraj","=K823 * IF(ISNUMBER(SEARCH(""Une estimation du nombre annuel de trajets pour ce type de barge"", F823)),1,0)","OUI","{""operator"":""AND"",""conditions"":[{""operator"":""OR"",""conditions"":[{""type"":""contains"",""excel_indicator_id"":""ActionsCharte"",""value"":""C4"",""excel_indicator_situation"":""init""},{""type"":""contains"",""excel_indicator_id"":""ActionsAutres"",""value"":""C4"",""excel_indicator_situation"":""init""}]},{""type"":""contains"",""excel_indicator_id"":""FretFluvCat34Request"",""value"":""Une estimation du nombre annuel de trajets pour ce type de barge""}]}"
"ref","FretFluvCat34Request","=K819","FretFluvCat34DistAn","=K823 * IF(ISNUMBER(SEARCH(""La distance parcourue annuellement pour ce type de barge"", F823)),1,0)","OUI","{""operator"":""AND"",""conditions"":[{""operator"":""OR"",""conditions"":[{""type"":""contains"",""excel_indicator_id"":""ActionsCharte"",""value"":""C4"",""excel_indicator_situation"":""init""},{""type"":""contains"",""excel_indicator_id"":""ActionsAutres"",""value"":""C4"",""excel_indicator_situation"":""init""}]},{""type"":""contains"",""excel_indicator_id"":""FretFluvCat34Request"",""value"":""La distance parcourue annuellement pour ce type de barge""}]}"
"ref","FretFluvCat35Request","=K830","FretFluvCat35NbTraj","=K834 * IF(ISNUMBER(SEARCH(""Une estimation du nombre annuel de trajets pour ce type de barge"", F834)),1,0)","OUI","{""operator"":""AND"",""conditions"":[{""operator"":""OR"",""conditions"":[{""type"":""contains"",""excel_indicator_id"":""ActionsCharte"",""value"":""C4"",""excel_indicator_situation"":""init""},{""type"":""contains"",""excel_indicator_id"":""ActionsAutres"",""value"":""C4"",""excel_indicator_situation"":""init""}]},{""type"":""contains"",""excel_indicator_id"":""FretFluvCat35Request"",""value"":""Une estimation du nombre annuel de trajets pour ce type de barge""}]}"
"ref","FretFluvCat35Request","=K830","FretFluvCat35DistAn","=K834 * IF(ISNUMBER(SEARCH(""La distance parcourue annuellement pour ce type de barge"", F834)),1,0)","OUI","{""operator"":""AND"",""conditions"":[{""operator"":""OR"",""conditions"":[{""type"":""contains"",""excel_indicator_id"":""ActionsCharte"",""value"":""C4"",""excel_indicator_situation"":""init""},{""type"":""contains"",""excel_indicator_id"":""ActionsAutres"",""value"":""C4"",""excel_indicator_situation"":""init""}]},{""type"":""contains"",""excel_indicator_id"":""FretFluvCat35Request"",""value"":""La distance parcourue annuellement pour ce type de barge""}]}"
"ref","FretFluvCat36Request","=K841","FretFluvCat36NbTraj","=K845 * IF(ISNUMBER(SEARCH(""Une estimation du nombre annuel de trajets pour ce type de barge"", F845)),1,0)","OUI","{""operator"":""AND"",""conditions"":[{""operator"":""OR"",""conditions"":[{""type"":""contains"",""excel_indicator_id"":""ActionsCharte"",""value"":""C4"",""excel_indicator_situation"":""init""},{""type"":""contains"",""excel_indicator_id"":""ActionsAutres"",""value"":""C4"",""excel_indicator_situation"":""init""}]},{""type"":""contains"",""excel_indicator_id"":""FretFluvCat36Request"",""value"":""Une estimation du nombre annuel de trajets pour ce type de barge""}]}"
"ref","FretFluvCat36Request","=K841","FretFluvCat36DistAn","=K845 * IF(ISNUMBER(SEARCH(""La distance parcourue annuellement pour ce type de barge"", F845)),1,0)","OUI","{""operator"":""AND"",""conditions"":[{""operator"":""OR"",""conditions"":[{""type"":""contains"",""excel_indicator_id"":""ActionsCharte"",""value"":""C4"",""excel_indicator_situation"":""init""},{""type"":""contains"",""excel_indicator_id"":""ActionsAutres"",""value"":""C4"",""excel_indicator_situation"":""init""}]},{""type"":""contains"",""excel_indicator_id"":""FretFluvCat36Request"",""value"":""La distance parcourue annuellement pour ce type de barge""}]}"
"ref","FretFluvCat37Request","=K852","FretFluvCat37NbTraj","=K856 * IF(ISNUMBER(SEARCH(""Une estimation du nombre annuel de trajets pour ce type de barge"", F856)),1,0)","OUI","{""operator"":""AND"",""conditions"":[{""operator"":""OR"",""conditions"":[{""type"":""contains"",""excel_indicator_id"":""ActionsCharte"",""value"":""C4"",""excel_indicator_situation"":""init""},{""type"":""contains"",""excel_indicator_id"":""ActionsAutres"",""value"":""C4"",""excel_indicator_situation"":""init""}]},{""type"":""contains"",""excel_indicator_id"":""FretFluvCat37Request"",""value"":""Une estimation du nombre annuel de trajets pour ce type de barge""}]}"
"ref","FretFluvCat37Request","=K852","FretFluvCat37DistAn","=K856 * IF(ISNUMBER(SEARCH(""La distance parcourue annuellement pour ce type de barge"", F856)),1,0)","OUI","{""operator"":""AND"",""conditions"":[{""operator"":""OR"",""conditions"":[{""type"":""contains"",""excel_indicator_id"":""ActionsCharte"",""value"":""C4"",""excel_indicator_situation"":""init""},{""type"":""contains"",""excel_indicator_id"":""ActionsAutres"",""value"":""C4"",""excel_indicator_situation"":""init""}]},{""type"":""contains"",""excel_indicator_id"":""FretFluvCat37Request"",""value"":""La distance parcourue annuellement pour ce type de barge""}]}"
"ref","FretFluvCat38Request","=K863","FretFluvCat38NbTraj","=K867 * IF(ISNUMBER(SEARCH(""Une estimation du nombre annuel de trajets pour ce type de barge"", F867)),1,0)","OUI","{""operator"":""AND"",""conditions"":[{""operator"":""OR"",""conditions"":[{""type"":""contains"",""excel_indicator_id"":""ActionsCharte"",""value"":""C4"",""excel_indicator_situation"":""init""},{""type"":""contains"",""excel_indicator_id"":""ActionsAutres"",""value"":""C4"",""excel_indicator_situation"":""init""}]},{""type"":""contains"",""excel_indicator_id"":""FretFluvCat38Request"",""value"":""Une estimation du nombre annuel de trajets pour ce type de barge""}]}"
"ref","FretFluvCat38Request","=K863","FretFluvCat38DistAn","=K867 * IF(ISNUMBER(SEARCH(""La distance parcourue annuellement pour ce type de barge"", F867)),1,0)","OUI","{""operator"":""AND"",""conditions"":[{""operator"":""OR"",""conditions"":[{""type"":""contains"",""excel_indicator_id"":""ActionsCharte"",""value"":""C4"",""excel_indicator_situation"":""init""},{""type"":""contains"",""excel_indicator_id"":""ActionsAutres"",""value"":""C4"",""excel_indicator_situation"":""init""}]},{""type"":""contains"",""excel_indicator_id"":""FretFluvCat38Request"",""value"":""La distance parcourue annuellement pour ce type de barge""}]}"
"ref","FretFluvCat39Request","=K874","FretFluvCat39NbTraj","=K878 * IF(ISNUMBER(SEARCH(""Une estimation du nombre annuel de trajets pour ce type de barge"", F878)),1,0)","OUI","{""operator"":""AND"",""conditions"":[{""operator"":""OR"",""conditions"":[{""type"":""contains"",""excel_indicator_id"":""ActionsCharte"",""value"":""C4"",""excel_indicator_situation"":""init""},{""type"":""contains"",""excel_indicator_id"":""ActionsAutres"",""value"":""C4"",""excel_indicator_situation"":""init""}]},{""type"":""contains"",""excel_indicator_id"":""FretFluvCat39Request"",""value"":""Une estimation du nombre annuel de trajets pour ce type de barge""}]}"
"ref","FretFluvCat39Request","=K874","FretFluvCat39DistAn","=K878 * IF(ISNUMBER(SEARCH(""La distance parcourue annuellement pour ce type de barge"", F878)),1,0)","OUI","{""operator"":""AND"",""conditions"":[{""operator"":""OR"",""conditions"":[{""type"":""contains"",""excel_indicator_id"":""ActionsCharte"",""value"":""C4"",""excel_indicator_situation"":""init""},{""type"":""contains"",""excel_indicator_id"":""ActionsAutres"",""value"":""C4"",""excel_indicator_situation"":""init""}]},{""type"":""contains"",""excel_indicator_id"":""FretFluvCat39Request"",""value"":""La distance parcourue annuellement pour ce type de barge""}]}"
"ref","FretFluvCat40Request","=K885","FretFluvCat40NbTraj","=K889 * IF(ISNUMBER(SEARCH(""Une estimation du nombre annuel de trajets pour ce type de barge"", F889)),1,0)","OUI","{""operator"":""AND"",""conditions"":[{""operator"":""OR"",""conditions"":[{""type"":""contains"",""excel_indicator_id"":""ActionsCharte"",""value"":""C4"",""excel_indicator_situation"":""init""},{""type"":""contains"",""excel_indicator_id"":""ActionsAutres"",""value"":""C4"",""excel_indicator_situation"":""init""}]},{""type"":""contains"",""excel_indicator_id"":""FretFluvCat40Request"",""value"":""Une estimation du nombre annuel de trajets pour ce type de barge""}]}"
"ref","FretFluvCat40Request","=K885","FretFluvCat40DistAn","=K889 * IF(ISNUMBER(SEARCH(""La distance parcourue annuellement pour ce type de barge"", F889)),1,0)","OUI","{""operator"":""AND"",""conditions"":[{""operator"":""OR"",""conditions"":[{""type"":""contains"",""excel_indicator_id"":""ActionsCharte"",""value"":""C4"",""excel_indicator_situation"":""init""},{""type"":""contains"",""excel_indicator_id"":""ActionsAutres"",""value"":""C4"",""excel_indicator_situation"":""init""}]},{""type"":""contains"",""excel_indicator_id"":""FretFluvCat40Request"",""value"":""La distance parcourue annuellement pour ce type de barge""}]}"
"ref","FretFluvCat41Request","=K896","FretFluvCat41NbTraj","=K900 * IF(ISNUMBER(SEARCH(""Une estimation du nombre annuel de trajets pour ce type de barge"", F900)),1,0)","OUI","{""operator"":""AND"",""conditions"":[{""operator"":""OR"",""conditions"":[{""type"":""contains"",""excel_indicator_id"":""ActionsCharte"",""value"":""C4"",""excel_indicator_situation"":""init""},{""type"":""contains"",""excel_indicator_id"":""ActionsAutres"",""value"":""C4"",""excel_indicator_situation"":""init""}]},{""type"":""contains"",""excel_indicator_id"":""FretFluvCat41Request"",""value"":""Une estimation du nombre annuel de trajets pour ce type de barge""}]}"
"ref","FretFluvCat41Request","=K896","FretFluvCat41DistAn","=K900 * IF(ISNUMBER(SEARCH(""La distance parcourue annuellement pour ce type de barge"", F900)),1,0)","OUI","{""operator"":""AND"",""conditions"":[{""operator"":""OR"",""conditions"":[{""type"":""contains"",""excel_indicator_id"":""ActionsCharte"",""value"":""C4"",""excel_indicator_situation"":""init""},{""type"":""contains"",""excel_indicator_id"":""ActionsAutres"",""value"":""C4"",""excel_indicator_situation"":""init""}]},{""type"":""contains"",""excel_indicator_id"":""FretFluvCat41Request"",""value"":""La distance parcourue annuellement pour ce type de barge""}]}"
"ref","FretFluvCat42Request","=K907","FretFluvCat42NbTraj","=K911 * IF(ISNUMBER(SEARCH(""Une estimation du nombre annuel de trajets pour ce type de barge"", F911)),1,0)","OUI","{""operator"":""AND"",""conditions"":[{""operator"":""OR"",""conditions"":[{""type"":""contains"",""excel_indicator_id"":""ActionsCharte"",""value"":""C4"",""excel_indicator_situation"":""init""},{""type"":""contains"",""excel_indicator_id"":""ActionsAutres"",""value"":""C4"",""excel_indicator_situation"":""init""}]},{""type"":""contains"",""excel_indicator_id"":""FretFluvCat42Request"",""value"":""Une estimation du nombre annuel de trajets pour ce type de barge""}]}"
"ref","FretFluvCat42Request","=K907","FretFluvCat42DistAn","=K911 * IF(ISNUMBER(SEARCH(""La distance parcourue annuellement pour ce type de barge"", F911)),1,0)","OUI","{""operator"":""AND"",""conditions"":[{""operator"":""OR"",""conditions"":[{""type"":""contains"",""excel_indicator_id"":""ActionsCharte"",""value"":""C4"",""excel_indicator_situation"":""init""},{""type"":""contains"",""excel_indicator_id"":""ActionsAutres"",""value"":""C4"",""excel_indicator_situation"":""init""}]},{""type"":""contains"",""excel_indicator_id"":""FretFluvCat42Request"",""value"":""La distance parcourue annuellement pour ce type de barge""}]}"
"ref","FretFluvCat43Request","=K918","FretFluvCat43NbTraj","=K922 * IF(ISNUMBER(SEARCH(""Une estimation du nombre annuel de trajets pour ce type de barge"", F922)),1,0)","OUI","{""operator"":""AND"",""conditions"":[{""operator"":""OR"",""conditions"":[{""type"":""contains"",""excel_indicator_id"":""ActionsCharte"",""value"":""C4"",""excel_indicator_situation"":""init""},{""type"":""contains"",""excel_indicator_id"":""ActionsAutres"",""value"":""C4"",""excel_indicator_situation"":""init""}]},{""type"":""contains"",""excel_indicator_id"":""FretFluvCat43Request"",""value"":""Une estimation du nombre annuel de trajets pour ce type de barge""}]}"
"ref","FretFluvCat43Request","=K918","FretFluvCat43DistAn","=K922 * IF(ISNUMBER(SEARCH(""La distance parcourue annuellement pour ce type de barge"", F922)),1,0)","OUI","{""operator"":""AND"",""conditions"":[{""operator"":""OR"",""conditions"":[{""type"":""contains"",""excel_indicator_id"":""ActionsCharte"",""value"":""C4"",""excel_indicator_situation"":""init""},{""type"":""contains"",""excel_indicator_id"":""ActionsAutres"",""value"":""C4"",""excel_indicator_situation"":""init""}]},{""type"":""contains"",""excel_indicator_id"":""FretFluvCat43Request"",""value"":""La distance parcourue annuellement pour ce type de barge""}]}"
"ref","FretFluvCat44Request","=K929","FretFluvCat44NbTraj","=K933 * IF(ISNUMBER(SEARCH(""Une estimation du nombre annuel de trajets pour ce type de barge"", F933)),1,0)","OUI","{""operator"":""AND"",""conditions"":[{""operator"":""OR"",""conditions"":[{""type"":""contains"",""excel_indicator_id"":""ActionsCharte"",""value"":""C4"",""excel_indicator_situation"":""init""},{""type"":""contains"",""excel_indicator_id"":""ActionsAutres"",""value"":""C4"",""excel_indicator_situation"":""init""}]},{""type"":""contains"",""excel_indicator_id"":""FretFluvCat44Request"",""value"":""Une estimation du nombre annuel de trajets pour ce type de barge""}]}"
"ref","FretFluvCat44Request","=K929","FretFluvCat44DistAn","=K933 * IF(ISNUMBER(SEARCH(""La distance parcourue annuellement pour ce type de barge"", F933)),1,0)","OUI","{""operator"":""AND"",""conditions"":[{""operator"":""OR"",""conditions"":[{""type"":""contains"",""excel_indicator_id"":""ActionsCharte"",""value"":""C4"",""excel_indicator_situation"":""init""},{""type"":""contains"",""excel_indicator_id"":""ActionsAutres"",""value"":""C4"",""excel_indicator_situation"":""init""}]},{""type"":""contains"",""excel_indicator_id"":""FretFluvCat44Request"",""value"":""La distance parcourue annuellement pour ce type de barge""}]}"
"ref","FretFluvCat45Request","=K940","FretFluvCat45NbTraj","=K944 * IF(ISNUMBER(SEARCH(""Une estimation du nombre annuel de trajets pour ce type de barge"", F944)),1,0)","OUI","{""operator"":""AND"",""conditions"":[{""operator"":""OR"",""conditions"":[{""type"":""contains"",""excel_indicator_id"":""ActionsCharte"",""value"":""C4"",""excel_indicator_situation"":""init""},{""type"":""contains"",""excel_indicator_id"":""ActionsAutres"",""value"":""C4"",""excel_indicator_situation"":""init""}]},{""type"":""contains"",""excel_indicator_id"":""FretFluvCat45Request"",""value"":""Une estimation du nombre annuel de trajets pour ce type de barge""}]}"
"ref","FretFluvCat45Request","=K940","FretFluvCat45DistAn","=K944 * IF(ISNUMBER(SEARCH(""La distance parcourue annuellement pour ce type de barge"", F944)),1,0)","OUI","{""operator"":""AND"",""conditions"":[{""operator"":""OR"",""conditions"":[{""type"":""contains"",""excel_indicator_id"":""ActionsCharte"",""value"":""C4"",""excel_indicator_situation"":""init""},{""type"":""contains"",""excel_indicator_id"":""ActionsAutres"",""value"":""C4"",""excel_indicator_situation"":""init""}]},{""type"":""contains"",""excel_indicator_id"":""FretFluvCat45Request"",""value"":""La distance parcourue annuellement pour ce type de barge""}]}"
"ref","FretFluvCat46Request","=K951","FretFluvCat46NbTraj","=K955 * IF(ISNUMBER(SEARCH(""Une estimation du nombre annuel de trajets pour ce type de barge"", F955)),1,0)","OUI","{""operator"":""AND"",""conditions"":[{""operator"":""OR"",""conditions"":[{""type"":""contains"",""excel_indicator_id"":""ActionsCharte"",""value"":""C4"",""excel_indicator_situation"":""init""},{""type"":""contains"",""excel_indicator_id"":""ActionsAutres"",""value"":""C4"",""excel_indicator_situation"":""init""}]},{""type"":""contains"",""excel_indicator_id"":""FretFluvCat46Request"",""value"":""Une estimation du nombre annuel de trajets pour ce type de barge""}]}"
"ref","FretFluvCat46Request","=K951","FretFluvCat46DistAn","=K955 * IF(ISNUMBER(SEARCH(""La distance parcourue annuellement pour ce type de barge"", F955)),1,0)","OUI","{""operator"":""AND"",""conditions"":[{""operator"":""OR"",""conditions"":[{""type"":""contains"",""excel_indicator_id"":""ActionsCharte"",""value"":""C4"",""excel_indicator_situation"":""init""},{""type"":""contains"",""excel_indicator_id"":""ActionsAutres"",""value"":""C4"",""excel_indicator_situation"":""init""}]},{""type"":""contains"",""excel_indicator_id"":""FretFluvCat46Request"",""value"":""La distance parcourue annuellement pour ce type de barge""}]}"
"ref","FretFluvCat47Request","=K962","FretFluvCat47NbTraj","=K966 * IF(ISNUMBER(SEARCH(""Une estimation du nombre annuel de trajets pour ce type de barge"", F966)),1,0)","OUI","{""operator"":""AND"",""conditions"":[{""operator"":""OR"",""conditions"":[{""type"":""contains"",""excel_indicator_id"":""ActionsCharte"",""value"":""C4"",""excel_indicator_situation"":""init""},{""type"":""contains"",""excel_indicator_id"":""ActionsAutres"",""value"":""C4"",""excel_indicator_situation"":""init""}]},{""type"":""contains"",""excel_indicator_id"":""FretFluvCat47Request"",""value"":""Une estimation du nombre annuel de trajets pour ce type de barge""}]}"
"ref","FretFluvCat47Request","=K962","FretFluvCat47DistAn","=K966 * IF(ISNUMBER(SEARCH(""La distance parcourue annuellement pour ce type de barge"", F966)),1,0)","OUI","{""operator"":""AND"",""conditions"":[{""operator"":""OR"",""conditions"":[{""type"":""contains"",""excel_indicator_id"":""ActionsCharte"",""value"":""C4"",""excel_indicator_situation"":""init""},{""type"":""contains"",""excel_indicator_id"":""ActionsAutres"",""value"":""C4"",""excel_indicator_situation"":""init""}]},{""type"":""contains"",""excel_indicator_id"":""FretFluvCat47Request"",""value"":""La distance parcourue annuellement pour ce type de barge""}]}"
"ref","FretFluvCat48Request","=K973","FretFluvCat48NbTraj","=K977 * IF(ISNUMBER(SEARCH(""Une estimation du nombre annuel de trajets pour ce type de barge"", F977)),1,0)","OUI","{""operator"":""AND"",""conditions"":[{""operator"":""OR"",""conditions"":[{""type"":""contains"",""excel_indicator_id"":""ActionsCharte"",""value"":""C4"",""excel_indicator_situation"":""init""},{""type"":""contains"",""excel_indicator_id"":""ActionsAutres"",""value"":""C4"",""excel_indicator_situation"":""init""}]},{""type"":""contains"",""excel_indicator_id"":""FretFluvCat48Request"",""value"":""Une estimation du nombre annuel de trajets pour ce type de barge""}]}"
"ref","FretFluvCat48Request","=K973","FretFluvCat48DistAn","=K977 * IF(ISNUMBER(SEARCH(""La distance parcourue annuellement pour ce type de barge"", F977)),1,0)","OUI","{""operator"":""AND"",""conditions"":[{""operator"":""OR"",""conditions"":[{""type"":""contains"",""excel_indicator_id"":""ActionsCharte"",""value"":""C4"",""excel_indicator_situation"":""init""},{""type"":""contains"",""excel_indicator_id"":""ActionsAutres"",""value"":""C4"",""excel_indicator_situation"":""init""}]},{""type"":""contains"",""excel_indicator_id"":""FretFluvCat48Request"",""value"":""La distance parcourue annuellement pour ce type de barge""}]}"
"ref","FretFluvCat49Request","=K984","FretFluvCat49NbTraj","=K988 * IF(ISNUMBER(SEARCH(""Une estimation du nombre annuel de trajets pour ce type de barge"", F988)),1,0)","OUI","{""operator"":""AND"",""conditions"":[{""operator"":""OR"",""conditions"":[{""type"":""contains"",""excel_indicator_id"":""ActionsCharte"",""value"":""C4"",""excel_indicator_situation"":""init""},{""type"":""contains"",""excel_indicator_id"":""ActionsAutres"",""value"":""C4"",""excel_indicator_situation"":""init""}]},{""type"":""contains"",""excel_indicator_id"":""FretFluvCat49Request"",""value"":""Une estimation du nombre annuel de trajets pour ce type de barge""}]}"
"ref","FretFluvCat49Request","=K984","FretFluvCat49DistAn","=K988 * IF(ISNUMBER(SEARCH(""La distance parcourue annuellement pour ce type de barge"", F988)),1,0)","OUI","{""operator"":""AND"",""conditions"":[{""operator"":""OR"",""conditions"":[{""type"":""contains"",""excel_indicator_id"":""ActionsCharte"",""value"":""C4"",""excel_indicator_situation"":""init""},{""type"":""contains"",""excel_indicator_id"":""ActionsAutres"",""value"":""C4"",""excel_indicator_situation"":""init""}]},{""type"":""contains"",""excel_indicator_id"":""FretFluvCat49Request"",""value"":""La distance parcourue annuellement pour ce type de barge""}]}"
"ref","FretFluvCat50Request","=K995","FretFluvCat50NbTraj","=K999 * IF(ISNUMBER(SEARCH(""Une estimation du nombre annuel de trajets pour ce type de barge"", F999)),1,0)","OUI","{""operator"":""AND"",""conditions"":[{""operator"":""OR"",""conditions"":[{""type"":""contains"",""excel_indicator_id"":""ActionsCharte"",""value"":""C4"",""excel_indicator_situation"":""init""},{""type"":""contains"",""excel_indicator_id"":""ActionsAutres"",""value"":""C4"",""excel_indicator_situation"":""init""}]},{""type"":""contains"",""excel_indicator_id"":""FretFluvCat50Request"",""value"":""Une estimation du nombre annuel de trajets pour ce type de barge""}]}"
"ref","FretFluvCat50Request","=K995","FretFluvCat50DistAn","=K999 * IF(ISNUMBER(SEARCH(""La distance parcourue annuellement pour ce type de barge"", F999)),1,0)","OUI","{""operator"":""AND"",""conditions"":[{""operator"":""OR"",""conditions"":[{""type"":""contains"",""excel_indicator_id"":""ActionsCharte"",""value"":""C4"",""excel_indicator_situation"":""init""},{""type"":""contains"",""excel_indicator_id"":""ActionsAutres"",""value"":""C4"",""excel_indicator_situation"":""init""}]},{""type"":""contains"",""excel_indicator_id"":""FretFluvCat50Request"",""value"":""La distance parcourue annuellement pour ce type de barge""}]}"
"ref","FretFluvCat51Request","=K1006","FretFluvCat51NbTraj","=K1010 * IF(ISNUMBER(SEARCH(""Une estimation du nombre annuel de trajets pour ce type de barge"", F1010)),1,0)","OUI","{""operator"":""AND"",""conditions"":[{""operator"":""OR"",""conditions"":[{""type"":""contains"",""excel_indicator_id"":""ActionsCharte"",""value"":""C4"",""excel_indicator_situation"":""init""},{""type"":""contains"",""excel_indicator_id"":""ActionsAutres"",""value"":""C4"",""excel_indicator_situation"":""init""}]},{""type"":""contains"",""excel_indicator_id"":""FretFluvCat51Request"",""value"":""Une estimation du nombre annuel de trajets pour ce type de barge""}]}"
"ref","FretFluvCat51Request","=K1006","FretFluvCat51DistAn","=K1010 * IF(ISNUMBER(SEARCH(""La distance parcourue annuellement pour ce type de barge"", F1010)),1,0)","OUI","{""operator"":""AND"",""conditions"":[{""operator"":""OR"",""conditions"":[{""type"":""contains"",""excel_indicator_id"":""ActionsCharte"",""value"":""C4"",""excel_indicator_situation"":""init""},{""type"":""contains"",""excel_indicator_id"":""ActionsAutres"",""value"":""C4"",""excel_indicator_situation"":""init""}]},{""type"":""contains"",""excel_indicator_id"":""FretFluvCat51Request"",""value"":""La distance parcourue annuellement pour ce type de barge""}]}"
"ref","FretFluvCat52Request","=K1017","FretFluvCat52NbTraj","=K1021 * IF(ISNUMBER(SEARCH(""Une estimation du nombre annuel de trajets pour ce type de barge"", F1021)),1,0)","OUI","{""operator"":""AND"",""conditions"":[{""operator"":""OR"",""conditions"":[{""type"":""contains"",""excel_indicator_id"":""ActionsCharte"",""value"":""C4"",""excel_indicator_situation"":""init""},{""type"":""contains"",""excel_indicator_id"":""ActionsAutres"",""value"":""C4"",""excel_indicator_situation"":""init""}]},{""type"":""contains"",""excel_indicator_id"":""FretFluvCat52Request"",""value"":""Une estimation du nombre annuel de trajets pour ce type de barge""}]}"
"ref","FretFluvCat52Request","=K1017","FretFluvCat52DistAn","=K1021 * IF(ISNUMBER(SEARCH(""La distance parcourue annuellement pour ce type de barge"", F1021)),1,0)","OUI","{""operator"":""AND"",""conditions"":[{""operator"":""OR"",""conditions"":[{""type"":""contains"",""excel_indicator_id"":""ActionsCharte"",""value"":""C4"",""excel_indicator_situation"":""init""},{""type"":""contains"",""excel_indicator_id"":""ActionsAutres"",""value"":""C4"",""excel_indicator_situation"":""init""}]},{""type"":""contains"",""excel_indicator_id"":""FretFluvCat52Request"",""value"":""La distance parcourue annuellement pour ce type de barge""}]}"
"ref","FretFluvCat53Request","=K1028","FretFluvCat53NbTraj","=K1032 * IF(ISNUMBER(SEARCH(""Une estimation du nombre annuel de trajets pour ce type de barge"", F1032)),1,0)","OUI","{""operator"":""AND"",""conditions"":[{""operator"":""OR"",""conditions"":[{""type"":""contains"",""excel_indicator_id"":""ActionsCharte"",""value"":""C4"",""excel_indicator_situation"":""init""},{""type"":""contains"",""excel_indicator_id"":""ActionsAutres"",""value"":""C4"",""excel_indicator_situation"":""init""}]},{""type"":""contains"",""excel_indicator_id"":""FretFluvCat53Request"",""value"":""Une estimation du nombre annuel de trajets pour ce type de barge""}]}"
"ref","FretFluvCat53Request","=K1028","FretFluvCat53DistAn","=K1032 * IF(ISNUMBER(SEARCH(""La distance parcourue annuellement pour ce type de barge"", F1032)),1,0)","OUI","{""operator"":""AND"",""conditions"":[{""operator"":""OR"",""conditions"":[{""type"":""contains"",""excel_indicator_id"":""ActionsCharte"",""value"":""C4"",""excel_indicator_situation"":""init""},{""type"":""contains"",""excel_indicator_id"":""ActionsAutres"",""value"":""C4"",""excel_indicator_situation"":""init""}]},{""type"":""contains"",""excel_indicator_id"":""FretFluvCat53Request"",""value"":""La distance parcourue annuellement pour ce type de barge""}]}"
"ref","FretFluvCat54Request","=K1039","FretFluvCat54NbTraj","=K1043 * IF(ISNUMBER(SEARCH(""Une estimation du nombre annuel de trajets pour ce type de barge"", F1043)),1,0)","OUI","{""operator"":""AND"",""conditions"":[{""operator"":""OR"",""conditions"":[{""type"":""contains"",""excel_indicator_id"":""ActionsCharte"",""value"":""C4"",""excel_indicator_situation"":""init""},{""type"":""contains"",""excel_indicator_id"":""ActionsAutres"",""value"":""C4"",""excel_indicator_situation"":""init""}]},{""type"":""contains"",""excel_indicator_id"":""FretFluvCat54Request"",""value"":""Une estimation du nombre annuel de trajets pour ce type de barge""}]}"
"ref","FretFluvCat54Request","=K1039","FretFluvCat54DistAn","=K1043 * IF(ISNUMBER(SEARCH(""La distance parcourue annuellement pour ce type de barge"", F1043)),1,0)","OUI","{""operator"":""AND"",""conditions"":[{""operator"":""OR"",""conditions"":[{""type"":""contains"",""excel_indicator_id"":""ActionsCharte"",""value"":""C4"",""excel_indicator_situation"":""init""},{""type"":""contains"",""excel_indicator_id"":""ActionsAutres"",""value"":""C4"",""excel_indicator_situation"":""init""}]},{""type"":""contains"",""excel_indicator_id"":""FretFluvCat54Request"",""value"":""La distance parcourue annuellement pour ce type de barge""}]}"
"ref","FretFluvCat55Request","=K1050","FretFluvCat55NbTraj","=K1054 * IF(ISNUMBER(SEARCH(""Une estimation du nombre annuel de trajets pour ce type de barge"", F1054)),1,0)","OUI","{""operator"":""AND"",""conditions"":[{""operator"":""OR"",""conditions"":[{""type"":""contains"",""excel_indicator_id"":""ActionsCharte"",""value"":""C4"",""excel_indicator_situation"":""init""},{""type"":""contains"",""excel_indicator_id"":""ActionsAutres"",""value"":""C4"",""excel_indicator_situation"":""init""}]},{""type"":""contains"",""excel_indicator_id"":""FretFluvCat55Request"",""value"":""Une estimation du nombre annuel de trajets pour ce type de barge""}]}"
"ref","FretFluvCat55Request","=K1050","FretFluvCat55DistAn","=K1054 * IF(ISNUMBER(SEARCH(""La distance parcourue annuellement pour ce type de barge"", F1054)),1,0)","OUI","{""operator"":""AND"",""conditions"":[{""operator"":""OR"",""conditions"":[{""type"":""contains"",""excel_indicator_id"":""ActionsCharte"",""value"":""C4"",""excel_indicator_situation"":""init""},{""type"":""contains"",""excel_indicator_id"":""ActionsAutres"",""value"":""C4"",""excel_indicator_situation"":""init""}]},{""type"":""contains"",""excel_indicator_id"":""FretFluvCat55Request"",""value"":""La distance parcourue annuellement pour ce type de barge""}]}"
"ref","FretFluvCat56Request","=K1061","FretFluvCat56NbTraj","=K1065 * IF(ISNUMBER(SEARCH(""Une estimation du nombre annuel de trajets pour ce type de barge"", F1065)),1,0)","OUI","{""operator"":""AND"",""conditions"":[{""operator"":""OR"",""conditions"":[{""type"":""contains"",""excel_indicator_id"":""ActionsCharte"",""value"":""C4"",""excel_indicator_situation"":""init""},{""type"":""contains"",""excel_indicator_id"":""ActionsAutres"",""value"":""C4"",""excel_indicator_situation"":""init""}]},{""type"":""contains"",""excel_indicator_id"":""FretFluvCat56Request"",""value"":""Une estimation du nombre annuel de trajets pour ce type de barge""}]}"
"ref","FretFluvCat56Request","=K1061","FretFluvCat56DistAn","=K1065 * IF(ISNUMBER(SEARCH(""La distance parcourue annuellement pour ce type de barge"", F1065)),1,0)","OUI","{""operator"":""AND"",""conditions"":[{""operator"":""OR"",""conditions"":[{""type"":""contains"",""excel_indicator_id"":""ActionsCharte"",""value"":""C4"",""excel_indicator_situation"":""init""},{""type"":""contains"",""excel_indicator_id"":""ActionsAutres"",""value"":""C4"",""excel_indicator_situation"":""init""}]},{""type"":""contains"",""excel_indicator_id"":""FretFluvCat56Request"",""value"":""La distance parcourue annuellement pour ce type de barge""}]}"
"expost","FretFluvCat1Request","=K473","FretFluvCat1NbTraj","=K477 * IF(ISNUMBER(SEARCH(""Une estimation du nombre annuel de trajets pour ce type de barge"", F477)),1,0)","OUI","{""operator"":""AND"",""conditions"":[{""operator"":""OR"",""conditions"":[{""type"":""contains"",""excel_indicator_id"":""ActionsCharte"",""value"":""C4""},{""type"":""contains"",""excel_indicator_id"":""ActionsAutres"",""value"":""C4""}]},{""type"":""contains"",""excel_indicator_id"":""FretFluvCat1Request"",""value"":""Une estimation du nombre annuel de trajets pour ce type de barge""}]}"
"expost","FretFluvCat1Request","=K473","FretFluvCat1DistAn","=K477 * IF(ISNUMBER(SEARCH(""La distance parcourue annuellement pour ce type de barge"", F477)),1,0)","OUI","{""operator"":""AND"",""conditions"":[{""operator"":""OR"",""conditions"":[{""type"":""contains"",""excel_indicator_id"":""ActionsCharte"",""value"":""C4""},{""type"":""contains"",""excel_indicator_id"":""ActionsAutres"",""value"":""C4""}]},{""type"":""contains"",""excel_indicator_id"":""FretFluvCat1Request"",""value"":""La distance parcourue annuellement pour ce type de barge""}]}"
"expost","FretFluvCat2Request","=K484","FretFluvCat2NbTraj","=K488 * IF(ISNUMBER(SEARCH(""Une estimation du nombre annuel de trajets pour ce type de barge"", F488)),1,0)","OUI","{""operator"":""AND"",""conditions"":[{""operator"":""OR"",""conditions"":[{""type"":""contains"",""excel_indicator_id"":""ActionsCharte"",""value"":""C4""},{""type"":""contains"",""excel_indicator_id"":""ActionsAutres"",""value"":""C4""}]},{""type"":""contains"",""excel_indicator_id"":""FretFluvCat2Request"",""value"":""Une estimation du nombre annuel de trajets pour ce type de barge""}]}"
"expost","FretFluvCat2Request","=K484","FretFluvCat2DistAn","=K488 * IF(ISNUMBER(SEARCH(""La distance parcourue annuellement pour ce type de barge"", F488)),1,0)","OUI","{""operator"":""AND"",""conditions"":[{""operator"":""OR"",""conditions"":[{""type"":""contains"",""excel_indicator_id"":""ActionsCharte"",""value"":""C4""},{""type"":""contains"",""excel_indicator_id"":""ActionsAutres"",""value"":""C4""}]},{""type"":""contains"",""excel_indicator_id"":""FretFluvCat2Request"",""value"":""La distance parcourue annuellement pour ce type de barge""}]}"
"expost","FretFluvCat3Request","=K495","FretFluvCat3NbTraj","=K499 * IF(ISNUMBER(SEARCH(""Une estimation du nombre annuel de trajets pour ce type de barge"", F499)),1,0)","OUI","{""operator"":""AND"",""conditions"":[{""operator"":""OR"",""conditions"":[{""type"":""contains"",""excel_indicator_id"":""ActionsCharte"",""value"":""C4""},{""type"":""contains"",""excel_indicator_id"":""ActionsAutres"",""value"":""C4""}]},{""type"":""contains"",""excel_indicator_id"":""FretFluvCat3Request"",""value"":""Une estimation du nombre annuel de trajets pour ce type de barge""}]}"
"expost","FretFluvCat3Request","=K495","FretFluvCat3DistAn","=K499 * IF(ISNUMBER(SEARCH(""La distance parcourue annuellement pour ce type de barge"", F499)),1,0)","OUI","{""operator"":""AND"",""conditions"":[{""operator"":""OR"",""conditions"":[{""type"":""contains"",""excel_indicator_id"":""ActionsCharte"",""value"":""C4""},{""type"":""contains"",""excel_indicator_id"":""ActionsAutres"",""value"":""C4""}]},{""type"":""contains"",""excel_indicator_id"":""FretFluvCat3Request"",""value"":""La distance parcourue annuellement pour ce type de barge""}]}"
"expost","FretFluvCat4Request","=K506","FretFluvCat4NbTraj","=K510 * IF(ISNUMBER(SEARCH(""Une estimation du nombre annuel de trajets pour ce type de barge"", F510)),1,0)","OUI","{""operator"":""AND"",""conditions"":[{""operator"":""OR"",""conditions"":[{""type"":""contains"",""excel_indicator_id"":""ActionsCharte"",""value"":""C4""},{""type"":""contains"",""excel_indicator_id"":""ActionsAutres"",""value"":""C4""}]},{""type"":""contains"",""excel_indicator_id"":""FretFluvCat4Request"",""value"":""Une estimation du nombre annuel de trajets pour ce type de barge""}]}"
"expost","FretFluvCat4Request","=K506","FretFluvCat4DistAn","=K510 * IF(ISNUMBER(SEARCH(""La distance parcourue annuellement pour ce type de barge"", F510)),1,0)","OUI","{""operator"":""AND"",""conditions"":[{""operator"":""OR"",""conditions"":[{""type"":""contains"",""excel_indicator_id"":""ActionsCharte"",""value"":""C4""},{""type"":""contains"",""excel_indicator_id"":""ActionsAutres"",""value"":""C4""}]},{""type"":""contains"",""excel_indicator_id"":""FretFluvCat4Request"",""value"":""La distance parcourue annuellement pour ce type de barge""}]}"
"expost","FretFluvCat5Request","=K517","FretFluvCat5NbTraj","=K521 * IF(ISNUMBER(SEARCH(""Une estimation du nombre annuel de trajets pour ce type de barge"", F521)),1,0)","OUI","{""operator"":""AND"",""conditions"":[{""operator"":""OR"",""conditions"":[{""type"":""contains"",""excel_indicator_id"":""ActionsCharte"",""value"":""C4""},{""type"":""contains"",""excel_indicator_id"":""ActionsAutres"",""value"":""C4""}]},{""type"":""contains"",""excel_indicator_id"":""FretFluvCat5Request"",""value"":""Une estimation du nombre annuel de trajets pour ce type de barge""}]}"
"expost","FretFluvCat5Request","=K517","FretFluvCat5DistAn","=K521 * IF(ISNUMBER(SEARCH(""La distance parcourue annuellement pour ce type de barge"", F521)),1,0)","OUI","{""operator"":""AND"",""conditions"":[{""operator"":""OR"",""conditions"":[{""type"":""contains"",""excel_indicator_id"":""ActionsCharte"",""value"":""C4""},{""type"":""contains"",""excel_indicator_id"":""ActionsAutres"",""value"":""C4""}]},{""type"":""contains"",""excel_indicator_id"":""FretFluvCat5Request"",""value"":""La distance parcourue annuellement pour ce type de barge""}]}"
"expost","FretFluvCat6Request","=K528","FretFluvCat6NbTraj","=K532 * IF(ISNUMBER(SEARCH(""Une estimation du nombre annuel de trajets pour ce type de barge"", F532)),1,0)","OUI","{""operator"":""AND"",""conditions"":[{""operator"":""OR"",""conditions"":[{""type"":""contains"",""excel_indicator_id"":""ActionsCharte"",""value"":""C4""},{""type"":""contains"",""excel_indicator_id"":""ActionsAutres"",""value"":""C4""}]},{""type"":""contains"",""excel_indicator_id"":""FretFluvCat6Request"",""value"":""Une estimation du nombre annuel de trajets pour ce type de barge""}]}"
"expost","FretFluvCat6Request","=K528","FretFluvCat6DistAn","=K532 * IF(ISNUMBER(SEARCH(""La distance parcourue annuellement pour ce type de barge"", F532)),1,0)","OUI","{""operator"":""AND"",""conditions"":[{""operator"":""OR"",""conditions"":[{""type"":""contains"",""excel_indicator_id"":""ActionsCharte"",""value"":""C4""},{""type"":""contains"",""excel_indicator_id"":""ActionsAutres"",""value"":""C4""}]},{""type"":""contains"",""excel_indicator_id"":""FretFluvCat6Request"",""value"":""La distance parcourue annuellement pour ce type de barge""}]}"
"expost","FretFluvCat7Request","=K539","FretFluvCat7NbTraj","=K543 * IF(ISNUMBER(SEARCH(""Une estimation du nombre annuel de trajets pour ce type de barge"", F543)),1,0)","OUI","{""operator"":""AND"",""conditions"":[{""operator"":""OR"",""conditions"":[{""type"":""contains"",""excel_indicator_id"":""ActionsCharte"",""value"":""C4""},{""type"":""contains"",""excel_indicator_id"":""ActionsAutres"",""value"":""C4""}]},{""type"":""contains"",""excel_indicator_id"":""FretFluvCat7Request"",""value"":""Une estimation du nombre annuel de trajets pour ce type de barge""}]}"
"expost","FretFluvCat7Request","=K539","FretFluvCat7DistAn","=K543 * IF(ISNUMBER(SEARCH(""La distance parcourue annuellement pour ce type de barge"", F543)),1,0)","OUI","{""operator"":""AND"",""conditions"":[{""operator"":""OR"",""conditions"":[{""type"":""contains"",""excel_indicator_id"":""ActionsCharte"",""value"":""C4""},{""type"":""contains"",""excel_indicator_id"":""ActionsAutres"",""value"":""C4""}]},{""type"":""contains"",""excel_indicator_id"":""FretFluvCat7Request"",""value"":""La distance parcourue annuellement pour ce type de barge""}]}"
"expost","FretFluvCat8Request","=K550","FretFluvCat8NbTraj","=K554 * IF(ISNUMBER(SEARCH(""Une estimation du nombre annuel de trajets pour ce type de barge"", F554)),1,0)","OUI","{""operator"":""AND"",""conditions"":[{""operator"":""OR"",""conditions"":[{""type"":""contains"",""excel_indicator_id"":""ActionsCharte"",""value"":""C4""},{""type"":""contains"",""excel_indicator_id"":""ActionsAutres"",""value"":""C4""}]},{""type"":""contains"",""excel_indicator_id"":""FretFluvCat8Request"",""value"":""Une estimation du nombre annuel de trajets pour ce type de barge""}]}"
"expost","FretFluvCat8Request","=K550","FretFluvCat8DistAn","=K554 * IF(ISNUMBER(SEARCH(""La distance parcourue annuellement pour ce type de barge"", F554)),1,0)","OUI","{""operator"":""AND"",""conditions"":[{""operator"":""OR"",""conditions"":[{""type"":""contains"",""excel_indicator_id"":""ActionsCharte"",""value"":""C4""},{""type"":""contains"",""excel_indicator_id"":""ActionsAutres"",""value"":""C4""}]},{""type"":""contains"",""excel_indicator_id"":""FretFluvCat8Request"",""value"":""La distance parcourue annuellement pour ce type de barge""}]}"
"expost","FretFluvCat9Request","=K561","FretFluvCat9NbTraj","=K565 * IF(ISNUMBER(SEARCH(""Une estimation du nombre annuel de trajets pour ce type de barge"", F565)),1,0)","OUI","{""operator"":""AND"",""conditions"":[{""operator"":""OR"",""conditions"":[{""type"":""contains"",""excel_indicator_id"":""ActionsCharte"",""value"":""C4""},{""type"":""contains"",""excel_indicator_id"":""ActionsAutres"",""value"":""C4""}]},{""type"":""contains"",""excel_indicator_id"":""FretFluvCat9Request"",""value"":""Une estimation du nombre annuel de trajets pour ce type de barge""}]}"
"expost","FretFluvCat9Request","=K561","FretFluvCat9DistAn","=K565 * IF(ISNUMBER(SEARCH(""La distance parcourue annuellement pour ce type de barge"", F565)),1,0)","OUI","{""operator"":""AND"",""conditions"":[{""operator"":""OR"",""conditions"":[{""type"":""contains"",""excel_indicator_id"":""ActionsCharte"",""value"":""C4""},{""type"":""contains"",""excel_indicator_id"":""ActionsAutres"",""value"":""C4""}]},{""type"":""contains"",""excel_indicator_id"":""FretFluvCat9Request"",""value"":""La distance parcourue annuellement pour ce type de barge""}]}"
"expost","FretFluvCat10Request","=K572","FretFluvCat10NbTraj","=K576 * IF(ISNUMBER(SEARCH(""Une estimation du nombre annuel de trajets pour ce type de barge"", F576)),1,0)","OUI","{""operator"":""AND"",""conditions"":[{""operator"":""OR"",""conditions"":[{""type"":""contains"",""excel_indicator_id"":""ActionsCharte"",""value"":""C4""},{""type"":""contains"",""excel_indicator_id"":""ActionsAutres"",""value"":""C4""}]},{""type"":""contains"",""excel_indicator_id"":""FretFluvCat10Request"",""value"":""Une estimation du nombre annuel de trajets pour ce type de barge""}]}"
"expost","FretFluvCat10Request","=K572","FretFluvCat10DistAn","=K576 * IF(ISNUMBER(SEARCH(""La distance parcourue annuellement pour ce type de barge"", F576)),1,0)","OUI","{""operator"":""AND"",""conditions"":[{""operator"":""OR"",""conditions"":[{""type"":""contains"",""excel_indicator_id"":""ActionsCharte"",""value"":""C4""},{""type"":""contains"",""excel_indicator_id"":""ActionsAutres"",""value"":""C4""}]},{""type"":""contains"",""excel_indicator_id"":""FretFluvCat10Request"",""value"":""La distance parcourue annuellement pour ce type de barge""}]}"
"expost","FretFluvCat11Request","=K583","FretFluvCat11NbTraj","=K587 * IF(ISNUMBER(SEARCH(""Une estimation du nombre annuel de trajets pour ce type de barge"", F587)),1,0)","OUI","{""operator"":""AND"",""conditions"":[{""operator"":""OR"",""conditions"":[{""type"":""contains"",""excel_indicator_id"":""ActionsCharte"",""value"":""C4""},{""type"":""contains"",""excel_indicator_id"":""ActionsAutres"",""value"":""C4""}]},{""type"":""contains"",""excel_indicator_id"":""FretFluvCat11Request"",""value"":""Une estimation du nombre annuel de trajets pour ce type de barge""}]}"
"expost","FretFluvCat11Request","=K583","FretFluvCat11DistAn","=K587 * IF(ISNUMBER(SEARCH(""La distance parcourue annuellement pour ce type de barge"", F587)),1,0)","OUI","{""operator"":""AND"",""conditions"":[{""operator"":""OR"",""conditions"":[{""type"":""contains"",""excel_indicator_id"":""ActionsCharte"",""value"":""C4""},{""type"":""contains"",""excel_indicator_id"":""ActionsAutres"",""value"":""C4""}]},{""type"":""contains"",""excel_indicator_id"":""FretFluvCat11Request"",""value"":""La distance parcourue annuellement pour ce type de barge""}]}"
"expost","FretFluvCat12Request","=K594","FretFluvCat12NbTraj","=K598 * IF(ISNUMBER(SEARCH(""Une estimation du nombre annuel de trajets pour ce type de barge"", F598)),1,0)","OUI","{""operator"":""AND"",""conditions"":[{""operator"":""OR"",""conditions"":[{""type"":""contains"",""excel_indicator_id"":""ActionsCharte"",""value"":""C4""},{""type"":""contains"",""excel_indicator_id"":""ActionsAutres"",""value"":""C4""}]},{""type"":""contains"",""excel_indicator_id"":""FretFluvCat12Request"",""value"":""Une estimation du nombre annuel de trajets pour ce type de barge""}]}"
"expost","FretFluvCat12Request","=K594","FretFluvCat12DistAn","=K598 * IF(ISNUMBER(SEARCH(""La distance parcourue annuellement pour ce type de barge"", F598)),1,0)","OUI","{""operator"":""AND"",""conditions"":[{""operator"":""OR"",""conditions"":[{""type"":""contains"",""excel_indicator_id"":""ActionsCharte"",""value"":""C4""},{""type"":""contains"",""excel_indicator_id"":""ActionsAutres"",""value"":""C4""}]},{""type"":""contains"",""excel_indicator_id"":""FretFluvCat12Request"",""value"":""La distance parcourue annuellement pour ce type de barge""}]}"
"expost","FretFluvCat13Request","=K605","FretFluvCat13NbTraj","=K609 * IF(ISNUMBER(SEARCH(""Une estimation du nombre annuel de trajets pour ce type de barge"", F609)),1,0)","OUI","{""operator"":""AND"",""conditions"":[{""operator"":""OR"",""conditions"":[{""type"":""contains"",""excel_indicator_id"":""ActionsCharte"",""value"":""C4""},{""type"":""contains"",""excel_indicator_id"":""ActionsAutres"",""value"":""C4""}]},{""type"":""contains"",""excel_indicator_id"":""FretFluvCat13Request"",""value"":""Une estimation du nombre annuel de trajets pour ce type de barge""}]}"
"expost","FretFluvCat13Request","=K605","FretFluvCat13DistAn","=K609 * IF(ISNUMBER(SEARCH(""La distance parcourue annuellement pour ce type de barge"", F609)),1,0)","OUI","{""operator"":""AND"",""conditions"":[{""operator"":""OR"",""conditions"":[{""type"":""contains"",""excel_indicator_id"":""ActionsCharte"",""value"":""C4""},{""type"":""contains"",""excel_indicator_id"":""ActionsAutres"",""value"":""C4""}]},{""type"":""contains"",""excel_indicator_id"":""FretFluvCat13Request"",""value"":""La distance parcourue annuellement pour ce type de barge""}]}"
"expost","FretFluvCat14Request","=K616","FretFluvCat14NbTraj","=K620 * IF(ISNUMBER(SEARCH(""Une estimation du nombre annuel de trajets pour ce type de barge"", F620)),1,0)","OUI","{""operator"":""AND"",""conditions"":[{""operator"":""OR"",""conditions"":[{""type"":""contains"",""excel_indicator_id"":""ActionsCharte"",""value"":""C4""},{""type"":""contains"",""excel_indicator_id"":""ActionsAutres"",""value"":""C4""}]},{""type"":""contains"",""excel_indicator_id"":""FretFluvCat14Request"",""value"":""Une estimation du nombre annuel de trajets pour ce type de barge""}]}"
"expost","FretFluvCat14Request","=K616","FretFluvCat14DistAn","=K620 * IF(ISNUMBER(SEARCH(""La distance parcourue annuellement pour ce type de barge"", F620)),1,0)","OUI","{""operator"":""AND"",""conditions"":[{""operator"":""OR"",""conditions"":[{""type"":""contains"",""excel_indicator_id"":""ActionsCharte"",""value"":""C4""},{""type"":""contains"",""excel_indicator_id"":""ActionsAutres"",""value"":""C4""}]},{""type"":""contains"",""excel_indicator_id"":""FretFluvCat14Request"",""value"":""La distance parcourue annuellement pour ce type de barge""}]}"
"expost","FretFluvCat15Request","=K627","FretFluvCat15NbTraj","=K631 * IF(ISNUMBER(SEARCH(""Une estimation du nombre annuel de trajets pour ce type de barge"", F631)),1,0)","OUI","{""operator"":""AND"",""conditions"":[{""operator"":""OR"",""conditions"":[{""type"":""contains"",""excel_indicator_id"":""ActionsCharte"",""value"":""C4""},{""type"":""contains"",""excel_indicator_id"":""ActionsAutres"",""value"":""C4""}]},{""type"":""contains"",""excel_indicator_id"":""FretFluvCat15Request"",""value"":""Une estimation du nombre annuel de trajets pour ce type de barge""}]}"
"expost","FretFluvCat15Request","=K627","FretFluvCat15DistAn","=K631 * IF(ISNUMBER(SEARCH(""La distance parcourue annuellement pour ce type de barge"", F631)),1,0)","OUI","{""operator"":""AND"",""conditions"":[{""operator"":""OR"",""conditions"":[{""type"":""contains"",""excel_indicator_id"":""ActionsCharte"",""value"":""C4""},{""type"":""contains"",""excel_indicator_id"":""ActionsAutres"",""value"":""C4""}]},{""type"":""contains"",""excel_indicator_id"":""FretFluvCat15Request"",""value"":""La distance parcourue annuellement pour ce type de barge""}]}"
"expost","FretFluvCat16Request","=K638","FretFluvCat16NbTraj","=K642 * IF(ISNUMBER(SEARCH(""Une estimation du nombre annuel de trajets pour ce type de barge"", F642)),1,0)","OUI","{""operator"":""AND"",""conditions"":[{""operator"":""OR"",""conditions"":[{""type"":""contains"",""excel_indicator_id"":""ActionsCharte"",""value"":""C4""},{""type"":""contains"",""excel_indicator_id"":""ActionsAutres"",""value"":""C4""}]},{""type"":""contains"",""excel_indicator_id"":""FretFluvCat16Request"",""value"":""Une estimation du nombre annuel de trajets pour ce type de barge""}]}"
"expost","FretFluvCat16Request","=K638","FretFluvCat16DistAn","=K642 * IF(ISNUMBER(SEARCH(""La distance parcourue annuellement pour ce type de barge"", F642)),1,0)","OUI","{""operator"":""AND"",""conditions"":[{""operator"":""OR"",""conditions"":[{""type"":""contains"",""excel_indicator_id"":""ActionsCharte"",""value"":""C4""},{""type"":""contains"",""excel_indicator_id"":""ActionsAutres"",""value"":""C4""}]},{""type"":""contains"",""excel_indicator_id"":""FretFluvCat16Request"",""value"":""La distance parcourue annuellement pour ce type de barge""}]}"
"expost","FretFluvCat17Request","=K649","FretFluvCat17NbTraj","=K653 * IF(ISNUMBER(SEARCH(""Une estimation du nombre annuel de trajets pour ce type de barge"", F653)),1,0)","OUI","{""operator"":""AND"",""conditions"":[{""operator"":""OR"",""conditions"":[{""type"":""contains"",""excel_indicator_id"":""ActionsCharte"",""value"":""C4""},{""type"":""contains"",""excel_indicator_id"":""ActionsAutres"",""value"":""C4""}]},{""type"":""contains"",""excel_indicator_id"":""FretFluvCat17Request"",""value"":""Une estimation du nombre annuel de trajets pour ce type de barge""}]}"
"expost","FretFluvCat17Request","=K649","FretFluvCat17DistAn","=K653 * IF(ISNUMBER(SEARCH(""La distance parcourue annuellement pour ce type de barge"", F653)),1,0)","OUI","{""operator"":""AND"",""conditions"":[{""operator"":""OR"",""conditions"":[{""type"":""contains"",""excel_indicator_id"":""ActionsCharte"",""value"":""C4""},{""type"":""contains"",""excel_indicator_id"":""ActionsAutres"",""value"":""C4""}]},{""type"":""contains"",""excel_indicator_id"":""FretFluvCat17Request"",""value"":""La distance parcourue annuellement pour ce type de barge""}]}"
"expost","FretFluvCat18Request","=K660","FretFluvCat18NbTraj","=K664 * IF(ISNUMBER(SEARCH(""Une estimation du nombre annuel de trajets pour ce type de barge"", F664)),1,0)","OUI","{""operator"":""AND"",""conditions"":[{""operator"":""OR"",""conditions"":[{""type"":""contains"",""excel_indicator_id"":""ActionsCharte"",""value"":""C4""},{""type"":""contains"",""excel_indicator_id"":""ActionsAutres"",""value"":""C4""}]},{""type"":""contains"",""excel_indicator_id"":""FretFluvCat18Request"",""value"":""Une estimation du nombre annuel de trajets pour ce type de barge""}]}"
"expost","FretFluvCat18Request","=K660","FretFluvCat18DistAn","=K664 * IF(ISNUMBER(SEARCH(""La distance parcourue annuellement pour ce type de barge"", F664)),1,0)","OUI","{""operator"":""AND"",""conditions"":[{""operator"":""OR"",""conditions"":[{""type"":""contains"",""excel_indicator_id"":""ActionsCharte"",""value"":""C4""},{""type"":""contains"",""excel_indicator_id"":""ActionsAutres"",""value"":""C4""}]},{""type"":""contains"",""excel_indicator_id"":""FretFluvCat18Request"",""value"":""La distance parcourue annuellement pour ce type de barge""}]}"
"expost","FretFluvCat19Request","=K671","FretFluvCat19NbTraj","=K675 * IF(ISNUMBER(SEARCH(""Une estimation du nombre annuel de trajets pour ce type de barge"", F675)),1,0)","OUI","{""operator"":""AND"",""conditions"":[{""operator"":""OR"",""conditions"":[{""type"":""contains"",""excel_indicator_id"":""ActionsCharte"",""value"":""C4""},{""type"":""contains"",""excel_indicator_id"":""ActionsAutres"",""value"":""C4""}]},{""type"":""contains"",""excel_indicator_id"":""FretFluvCat19Request"",""value"":""Une estimation du nombre annuel de trajets pour ce type de barge""}]}"
"expost","FretFluvCat19Request","=K671","FretFluvCat19DistAn","=K675 * IF(ISNUMBER(SEARCH(""La distance parcourue annuellement pour ce type de barge"", F675)),1,0)","OUI","{""operator"":""AND"",""conditions"":[{""operator"":""OR"",""conditions"":[{""type"":""contains"",""excel_indicator_id"":""ActionsCharte"",""value"":""C4""},{""type"":""contains"",""excel_indicator_id"":""ActionsAutres"",""value"":""C4""}]},{""type"":""contains"",""excel_indicator_id"":""FretFluvCat19Request"",""value"":""La distance parcourue annuellement pour ce type de barge""}]}"
"expost","FretFluvCat20Request","=K682","FretFluvCat20NbTraj","=K686 * IF(ISNUMBER(SEARCH(""Une estimation du nombre annuel de trajets pour ce type de barge"", F686)),1,0)","OUI","{""operator"":""AND"",""conditions"":[{""operator"":""OR"",""conditions"":[{""type"":""contains"",""excel_indicator_id"":""ActionsCharte"",""value"":""C4""},{""type"":""contains"",""excel_indicator_id"":""ActionsAutres"",""value"":""C4""}]},{""type"":""contains"",""excel_indicator_id"":""FretFluvCat20Request"",""value"":""Une estimation du nombre annuel de trajets pour ce type de barge""}]}"
"expost","FretFluvCat20Request","=K682","FretFluvCat20DistAn","=K686 * IF(ISNUMBER(SEARCH(""La distance parcourue annuellement pour ce type de barge"", F686)),1,0)","OUI","{""operator"":""AND"",""conditions"":[{""operator"":""OR"",""conditions"":[{""type"":""contains"",""excel_indicator_id"":""ActionsCharte"",""value"":""C4""},{""type"":""contains"",""excel_indicator_id"":""ActionsAutres"",""value"":""C4""}]},{""type"":""contains"",""excel_indicator_id"":""FretFluvCat20Request"",""value"":""La distance parcourue annuellement pour ce type de barge""}]}"
"expost","FretFluvCat21Request","=K693","FretFluvCat21NbTraj","=K697 * IF(ISNUMBER(SEARCH(""Une estimation du nombre annuel de trajets pour ce type de barge"", F697)),1,0)","OUI","{""operator"":""AND"",""conditions"":[{""operator"":""OR"",""conditions"":[{""type"":""contains"",""excel_indicator_id"":""ActionsCharte"",""value"":""C4""},{""type"":""contains"",""excel_indicator_id"":""ActionsAutres"",""value"":""C4""}]},{""type"":""contains"",""excel_indicator_id"":""FretFluvCat21Request"",""value"":""Une estimation du nombre annuel de trajets pour ce type de barge""}]}"
"expost","FretFluvCat21Request","=K693","FretFluvCat21DistAn","=K697 * IF(ISNUMBER(SEARCH(""La distance parcourue annuellement pour ce type de barge"", F697)),1,0)","OUI","{""operator"":""AND"",""conditions"":[{""operator"":""OR"",""conditions"":[{""type"":""contains"",""excel_indicator_id"":""ActionsCharte"",""value"":""C4""},{""type"":""contains"",""excel_indicator_id"":""ActionsAutres"",""value"":""C4""}]},{""type"":""contains"",""excel_indicator_id"":""FretFluvCat21Request"",""value"":""La distance parcourue annuellement pour ce type de barge""}]}"
"expost","FretFluvCat22Request","=K704","FretFluvCat22NbTraj","=K708 * IF(ISNUMBER(SEARCH(""Une estimation du nombre annuel de trajets pour ce type de barge"", F708)),1,0)","OUI","{""operator"":""AND"",""conditions"":[{""operator"":""OR"",""conditions"":[{""type"":""contains"",""excel_indicator_id"":""ActionsCharte"",""value"":""C4""},{""type"":""contains"",""excel_indicator_id"":""ActionsAutres"",""value"":""C4""}]},{""type"":""contains"",""excel_indicator_id"":""FretFluvCat22Request"",""value"":""Une estimation du nombre annuel de trajets pour ce type de barge""}]}"
"expost","FretFluvCat22Request","=K704","FretFluvCat22DistAn","=K708 * IF(ISNUMBER(SEARCH(""La distance parcourue annuellement pour ce type de barge"", F708)),1,0)","OUI","{""operator"":""AND"",""conditions"":[{""operator"":""OR"",""conditions"":[{""type"":""contains"",""excel_indicator_id"":""ActionsCharte"",""value"":""C4""},{""type"":""contains"",""excel_indicator_id"":""ActionsAutres"",""value"":""C4""}]},{""type"":""contains"",""excel_indicator_id"":""FretFluvCat22Request"",""value"":""La distance parcourue annuellement pour ce type de barge""}]}"
"expost","FretFluvCat23Request","=K715","FretFluvCat23NbTraj","=K719 * IF(ISNUMBER(SEARCH(""Une estimation du nombre annuel de trajets pour ce type de barge"", F719)),1,0)","OUI","{""operator"":""AND"",""conditions"":[{""operator"":""OR"",""conditions"":[{""type"":""contains"",""excel_indicator_id"":""ActionsCharte"",""value"":""C4""},{""type"":""contains"",""excel_indicator_id"":""ActionsAutres"",""value"":""C4""}]},{""type"":""contains"",""excel_indicator_id"":""FretFluvCat23Request"",""value"":""Une estimation du nombre annuel de trajets pour ce type de barge""}]}"
"expost","FretFluvCat23Request","=K715","FretFluvCat23DistAn","=K719 * IF(ISNUMBER(SEARCH(""La distance parcourue annuellement pour ce type de barge"", F719)),1,0)","OUI","{""operator"":""AND"",""conditions"":[{""operator"":""OR"",""conditions"":[{""type"":""contains"",""excel_indicator_id"":""ActionsCharte"",""value"":""C4""},{""type"":""contains"",""excel_indicator_id"":""ActionsAutres"",""value"":""C4""}]},{""type"":""contains"",""excel_indicator_id"":""FretFluvCat23Request"",""value"":""La distance parcourue annuellement pour ce type de barge""}]}"
"expost","FretFluvCat24Request","=K726","FretFluvCat24NbTraj","=K730 * IF(ISNUMBER(SEARCH(""Une estimation du nombre annuel de trajets pour ce type de barge"", F730)),1,0)","OUI","{""operator"":""AND"",""conditions"":[{""operator"":""OR"",""conditions"":[{""type"":""contains"",""excel_indicator_id"":""ActionsCharte"",""value"":""C4""},{""type"":""contains"",""excel_indicator_id"":""ActionsAutres"",""value"":""C4""}]},{""type"":""contains"",""excel_indicator_id"":""FretFluvCat24Request"",""value"":""Une estimation du nombre annuel de trajets pour ce type de barge""}]}"
"expost","FretFluvCat24Request","=K726","FretFluvCat24DistAn","=K730 * IF(ISNUMBER(SEARCH(""La distance parcourue annuellement pour ce type de barge"", F730)),1,0)","OUI","{""operator"":""AND"",""conditions"":[{""operator"":""OR"",""conditions"":[{""type"":""contains"",""excel_indicator_id"":""ActionsCharte"",""value"":""C4""},{""type"":""contains"",""excel_indicator_id"":""ActionsAutres"",""value"":""C4""}]},{""type"":""contains"",""excel_indicator_id"":""FretFluvCat24Request"",""value"":""La distance parcourue annuellement pour ce type de barge""}]}"
"expost","FretFluvCat25Request","=K737","FretFluvCat25NbTraj","=K741 * IF(ISNUMBER(SEARCH(""Une estimation du nombre annuel de trajets pour ce type de barge"", F741)),1,0)","OUI","{""operator"":""AND"",""conditions"":[{""operator"":""OR"",""conditions"":[{""type"":""contains"",""excel_indicator_id"":""ActionsCharte"",""value"":""C4""},{""type"":""contains"",""excel_indicator_id"":""ActionsAutres"",""value"":""C4""}]},{""type"":""contains"",""excel_indicator_id"":""FretFluvCat25Request"",""value"":""Une estimation du nombre annuel de trajets pour ce type de barge""}]}"
"expost","FretFluvCat25Request","=K737","FretFluvCat25DistAn","=K741 * IF(ISNUMBER(SEARCH(""La distance parcourue annuellement pour ce type de barge"", F741)),1,0)","OUI","{""operator"":""AND"",""conditions"":[{""operator"":""OR"",""conditions"":[{""type"":""contains"",""excel_indicator_id"":""ActionsCharte"",""value"":""C4""},{""type"":""contains"",""excel_indicator_id"":""ActionsAutres"",""value"":""C4""}]},{""type"":""contains"",""excel_indicator_id"":""FretFluvCat25Request"",""value"":""La distance parcourue annuellement pour ce type de barge""}]}"
"expost","FretFluvCat26Request","=K748","FretFluvCat26NbTraj","=K752 * IF(ISNUMBER(SEARCH(""Une estimation du nombre annuel de trajets pour ce type de barge"", F752)),1,0)","OUI","{""operator"":""AND"",""conditions"":[{""operator"":""OR"",""conditions"":[{""type"":""contains"",""excel_indicator_id"":""ActionsCharte"",""value"":""C4""},{""type"":""contains"",""excel_indicator_id"":""ActionsAutres"",""value"":""C4""}]},{""type"":""contains"",""excel_indicator_id"":""FretFluvCat26Request"",""value"":""Une estimation du nombre annuel de trajets pour ce type de barge""}]}"
"expost","FretFluvCat26Request","=K748","FretFluvCat26DistAn","=K752 * IF(ISNUMBER(SEARCH(""La distance parcourue annuellement pour ce type de barge"", F752)),1,0)","OUI","{""operator"":""AND"",""conditions"":[{""operator"":""OR"",""conditions"":[{""type"":""contains"",""excel_indicator_id"":""ActionsCharte"",""value"":""C4""},{""type"":""contains"",""excel_indicator_id"":""ActionsAutres"",""value"":""C4""}]},{""type"":""contains"",""excel_indicator_id"":""FretFluvCat26Request"",""value"":""La distance parcourue annuellement pour ce type de barge""}]}"
"expost","FretFluvCat27Request","=K759","FretFluvCat27NbTraj","=K763 * IF(ISNUMBER(SEARCH(""Une estimation du nombre annuel de trajets pour ce type de barge"", F763)),1,0)","OUI","{""operator"":""AND"",""conditions"":[{""operator"":""OR"",""conditions"":[{""type"":""contains"",""excel_indicator_id"":""ActionsCharte"",""value"":""C4""},{""type"":""contains"",""excel_indicator_id"":""ActionsAutres"",""value"":""C4""}]},{""type"":""contains"",""excel_indicator_id"":""FretFluvCat27Request"",""value"":""Une estimation du nombre annuel de trajets pour ce type de barge""}]}"
"expost","FretFluvCat27Request","=K759","FretFluvCat27DistAn","=K763 * IF(ISNUMBER(SEARCH(""La distance parcourue annuellement pour ce type de barge"", F763)),1,0)","OUI","{""operator"":""AND"",""conditions"":[{""operator"":""OR"",""conditions"":[{""type"":""contains"",""excel_indicator_id"":""ActionsCharte"",""value"":""C4""},{""type"":""contains"",""excel_indicator_id"":""ActionsAutres"",""value"":""C4""}]},{""type"":""contains"",""excel_indicator_id"":""FretFluvCat27Request"",""value"":""La distance parcourue annuellement pour ce type de barge""}]}"
"expost","FretFluvCat28Request","=K770","FretFluvCat28NbTraj","=K774 * IF(ISNUMBER(SEARCH(""Une estimation du nombre annuel de trajets pour ce type de barge"", F774)),1,0)","OUI","{""operator"":""AND"",""conditions"":[{""operator"":""OR"",""conditions"":[{""type"":""contains"",""excel_indicator_id"":""ActionsCharte"",""value"":""C4""},{""type"":""contains"",""excel_indicator_id"":""ActionsAutres"",""value"":""C4""}]},{""type"":""contains"",""excel_indicator_id"":""FretFluvCat28Request"",""value"":""Une estimation du nombre annuel de trajets pour ce type de barge""}]}"
"expost","FretFluvCat28Request","=K770","FretFluvCat28DistAn","=K774 * IF(ISNUMBER(SEARCH(""La distance parcourue annuellement pour ce type de barge"", F774)),1,0)","OUI","{""operator"":""AND"",""conditions"":[{""operator"":""OR"",""conditions"":[{""type"":""contains"",""excel_indicator_id"":""ActionsCharte"",""value"":""C4""},{""type"":""contains"",""excel_indicator_id"":""ActionsAutres"",""value"":""C4""}]},{""type"":""contains"",""excel_indicator_id"":""FretFluvCat28Request"",""value"":""La distance parcourue annuellement pour ce type de barge""}]}"
"expost","FretFluvCat29Request","=K781","FretFluvCat29NbTraj","=K785 * IF(ISNUMBER(SEARCH(""Une estimation du nombre annuel de trajets pour ce type de barge"", F785)),1,0)","OUI","{""operator"":""AND"",""conditions"":[{""operator"":""OR"",""conditions"":[{""type"":""contains"",""excel_indicator_id"":""ActionsCharte"",""value"":""C4""},{""type"":""contains"",""excel_indicator_id"":""ActionsAutres"",""value"":""C4""}]},{""type"":""contains"",""excel_indicator_id"":""FretFluvCat29Request"",""value"":""Une estimation du nombre annuel de trajets pour ce type de barge""}]}"
"expost","FretFluvCat29Request","=K781","FretFluvCat29DistAn","=K785 * IF(ISNUMBER(SEARCH(""La distance parcourue annuellement pour ce type de barge"", F785)),1,0)","OUI","{""operator"":""AND"",""conditions"":[{""operator"":""OR"",""conditions"":[{""type"":""contains"",""excel_indicator_id"":""ActionsCharte"",""value"":""C4""},{""type"":""contains"",""excel_indicator_id"":""ActionsAutres"",""value"":""C4""}]},{""type"":""contains"",""excel_indicator_id"":""FretFluvCat29Request"",""value"":""La distance parcourue annuellement pour ce type de barge""}]}"
"expost","FretFluvCat30Request","=K792","FretFluvCat30NbTraj","=K796 * IF(ISNUMBER(SEARCH(""Une estimation du nombre annuel de trajets pour ce type de barge"", F796)),1,0)","OUI","{""operator"":""AND"",""conditions"":[{""operator"":""OR"",""conditions"":[{""type"":""contains"",""excel_indicator_id"":""ActionsCharte"",""value"":""C4""},{""type"":""contains"",""excel_indicator_id"":""ActionsAutres"",""value"":""C4""}]},{""type"":""contains"",""excel_indicator_id"":""FretFluvCat30Request"",""value"":""Une estimation du nombre annuel de trajets pour ce type de barge""}]}"
"expost","FretFluvCat30Request","=K792","FretFluvCat30DistAn","=K796 * IF(ISNUMBER(SEARCH(""La distance parcourue annuellement pour ce type de barge"", F796)),1,0)","OUI","{""operator"":""AND"",""conditions"":[{""operator"":""OR"",""conditions"":[{""type"":""contains"",""excel_indicator_id"":""ActionsCharte"",""value"":""C4""},{""type"":""contains"",""excel_indicator_id"":""ActionsAutres"",""value"":""C4""}]},{""type"":""contains"",""excel_indicator_id"":""FretFluvCat30Request"",""value"":""La distance parcourue annuellement pour ce type de barge""}]}"
"expost","FretFluvCat31Request","=K803","FretFluvCat31NbTraj","=K807 * IF(ISNUMBER(SEARCH(""Une estimation du nombre annuel de trajets pour ce type de barge"", F807)),1,0)","OUI","{""operator"":""AND"",""conditions"":[{""operator"":""OR"",""conditions"":[{""type"":""contains"",""excel_indicator_id"":""ActionsCharte"",""value"":""C4""},{""type"":""contains"",""excel_indicator_id"":""ActionsAutres"",""value"":""C4""}]},{""type"":""contains"",""excel_indicator_id"":""FretFluvCat31Request"",""value"":""Une estimation du nombre annuel de trajets pour ce type de barge""}]}"
"expost","FretFluvCat31Request","=K803","FretFluvCat31DistAn","=K807 * IF(ISNUMBER(SEARCH(""La distance parcourue annuellement pour ce type de barge"", F807)),1,0)","OUI","{""operator"":""AND"",""conditions"":[{""operator"":""OR"",""conditions"":[{""type"":""contains"",""excel_indicator_id"":""ActionsCharte"",""value"":""C4""},{""type"":""contains"",""excel_indicator_id"":""ActionsAutres"",""value"":""C4""}]},{""type"":""contains"",""excel_indicator_id"":""FretFluvCat31Request"",""value"":""La distance parcourue annuellement pour ce type de barge""}]}"
"expost","FretFluvCat32Request","=K814","FretFluvCat32NbTraj","=K818 * IF(ISNUMBER(SEARCH(""Une estimation du nombre annuel de trajets pour ce type de barge"", F818)),1,0)","OUI","{""operator"":""AND"",""conditions"":[{""operator"":""OR"",""conditions"":[{""type"":""contains"",""excel_indicator_id"":""ActionsCharte"",""value"":""C4""},{""type"":""contains"",""excel_indicator_id"":""ActionsAutres"",""value"":""C4""}]},{""type"":""contains"",""excel_indicator_id"":""FretFluvCat32Request"",""value"":""Une estimation du nombre annuel de trajets pour ce type de barge""}]}"
"expost","FretFluvCat32Request","=K814","FretFluvCat32DistAn","=K818 * IF(ISNUMBER(SEARCH(""La distance parcourue annuellement pour ce type de barge"", F818)),1,0)","OUI","{""operator"":""AND"",""conditions"":[{""operator"":""OR"",""conditions"":[{""type"":""contains"",""excel_indicator_id"":""ActionsCharte"",""value"":""C4""},{""type"":""contains"",""excel_indicator_id"":""ActionsAutres"",""value"":""C4""}]},{""type"":""contains"",""excel_indicator_id"":""FretFluvCat32Request"",""value"":""La distance parcourue annuellement pour ce type de barge""}]}"
"expost","FretFluvCat33Request","=K825","FretFluvCat33NbTraj","=K829 * IF(ISNUMBER(SEARCH(""Une estimation du nombre annuel de trajets pour ce type de barge"", F829)),1,0)","OUI","{""operator"":""AND"",""conditions"":[{""operator"":""OR"",""conditions"":[{""type"":""contains"",""excel_indicator_id"":""ActionsCharte"",""value"":""C4""},{""type"":""contains"",""excel_indicator_id"":""ActionsAutres"",""value"":""C4""}]},{""type"":""contains"",""excel_indicator_id"":""FretFluvCat33Request"",""value"":""Une estimation du nombre annuel de trajets pour ce type de barge""}]}"
"expost","FretFluvCat33Request","=K825","FretFluvCat33DistAn","=K829 * IF(ISNUMBER(SEARCH(""La distance parcourue annuellement pour ce type de barge"", F829)),1,0)","OUI","{""operator"":""AND"",""conditions"":[{""operator"":""OR"",""conditions"":[{""type"":""contains"",""excel_indicator_id"":""ActionsCharte"",""value"":""C4""},{""type"":""contains"",""excel_indicator_id"":""ActionsAutres"",""value"":""C4""}]},{""type"":""contains"",""excel_indicator_id"":""FretFluvCat33Request"",""value"":""La distance parcourue annuellement pour ce type de barge""}]}"
"expost","FretFluvCat34Request","=K836","FretFluvCat34NbTraj","=K840 * IF(ISNUMBER(SEARCH(""Une estimation du nombre annuel de trajets pour ce type de barge"", F840)),1,0)","OUI","{""operator"":""AND"",""conditions"":[{""operator"":""OR"",""conditions"":[{""type"":""contains"",""excel_indicator_id"":""ActionsCharte"",""value"":""C4""},{""type"":""contains"",""excel_indicator_id"":""ActionsAutres"",""value"":""C4""}]},{""type"":""contains"",""excel_indicator_id"":""FretFluvCat34Request"",""value"":""Une estimation du nombre annuel de trajets pour ce type de barge""}]}"
"expost","FretFluvCat34Request","=K836","FretFluvCat34DistAn","=K840 * IF(ISNUMBER(SEARCH(""La distance parcourue annuellement pour ce type de barge"", F840)),1,0)","OUI","{""operator"":""AND"",""conditions"":[{""operator"":""OR"",""conditions"":[{""type"":""contains"",""excel_indicator_id"":""ActionsCharte"",""value"":""C4""},{""type"":""contains"",""excel_indicator_id"":""ActionsAutres"",""value"":""C4""}]},{""type"":""contains"",""excel_indicator_id"":""FretFluvCat34Request"",""value"":""La distance parcourue annuellement pour ce type de barge""}]}"
"expost","FretFluvCat35Request","=K847","FretFluvCat35NbTraj","=K851 * IF(ISNUMBER(SEARCH(""Une estimation du nombre annuel de trajets pour ce type de barge"", F851)),1,0)","OUI","{""operator"":""AND"",""conditions"":[{""operator"":""OR"",""conditions"":[{""type"":""contains"",""excel_indicator_id"":""ActionsCharte"",""value"":""C4""},{""type"":""contains"",""excel_indicator_id"":""ActionsAutres"",""value"":""C4""}]},{""type"":""contains"",""excel_indicator_id"":""FretFluvCat35Request"",""value"":""Une estimation du nombre annuel de trajets pour ce type de barge""}]}"
"expost","FretFluvCat35Request","=K847","FretFluvCat35DistAn","=K851 * IF(ISNUMBER(SEARCH(""La distance parcourue annuellement pour ce type de barge"", F851)),1,0)","OUI","{""operator"":""AND"",""conditions"":[{""operator"":""OR"",""conditions"":[{""type"":""contains"",""excel_indicator_id"":""ActionsCharte"",""value"":""C4""},{""type"":""contains"",""excel_indicator_id"":""ActionsAutres"",""value"":""C4""}]},{""type"":""contains"",""excel_indicator_id"":""FretFluvCat35Request"",""value"":""La distance parcourue annuellement pour ce type de barge""}]}"
"expost","FretFluvCat36Request","=K858","FretFluvCat36NbTraj","=K862 * IF(ISNUMBER(SEARCH(""Une estimation du nombre annuel de trajets pour ce type de barge"", F862)),1,0)","OUI","{""operator"":""AND"",""conditions"":[{""operator"":""OR"",""conditions"":[{""type"":""contains"",""excel_indicator_id"":""ActionsCharte"",""value"":""C4""},{""type"":""contains"",""excel_indicator_id"":""ActionsAutres"",""value"":""C4""}]},{""type"":""contains"",""excel_indicator_id"":""FretFluvCat36Request"",""value"":""Une estimation du nombre annuel de trajets pour ce type de barge""}]}"
"expost","FretFluvCat36Request","=K858","FretFluvCat36DistAn","=K862 * IF(ISNUMBER(SEARCH(""La distance parcourue annuellement pour ce type de barge"", F862)),1,0)","OUI","{""operator"":""AND"",""conditions"":[{""operator"":""OR"",""conditions"":[{""type"":""contains"",""excel_indicator_id"":""ActionsCharte"",""value"":""C4""},{""type"":""contains"",""excel_indicator_id"":""ActionsAutres"",""value"":""C4""}]},{""type"":""contains"",""excel_indicator_id"":""FretFluvCat36Request"",""value"":""La distance parcourue annuellement pour ce type de barge""}]}"
"expost","FretFluvCat37Request","=K869","FretFluvCat37NbTraj","=K873 * IF(ISNUMBER(SEARCH(""Une estimation du nombre annuel de trajets pour ce type de barge"", F873)),1,0)","OUI","{""operator"":""AND"",""conditions"":[{""operator"":""OR"",""conditions"":[{""type"":""contains"",""excel_indicator_id"":""ActionsCharte"",""value"":""C4""},{""type"":""contains"",""excel_indicator_id"":""ActionsAutres"",""value"":""C4""}]},{""type"":""contains"",""excel_indicator_id"":""FretFluvCat37Request"",""value"":""Une estimation du nombre annuel de trajets pour ce type de barge""}]}"
"expost","FretFluvCat37Request","=K869","FretFluvCat37DistAn","=K873 * IF(ISNUMBER(SEARCH(""La distance parcourue annuellement pour ce type de barge"", F873)),1,0)","OUI","{""operator"":""AND"",""conditions"":[{""operator"":""OR"",""conditions"":[{""type"":""contains"",""excel_indicator_id"":""ActionsCharte"",""value"":""C4""},{""type"":""contains"",""excel_indicator_id"":""ActionsAutres"",""value"":""C4""}]},{""type"":""contains"",""excel_indicator_id"":""FretFluvCat37Request"",""value"":""La distance parcourue annuellement pour ce type de barge""}]}"
"expost","FretFluvCat38Request","=K880","FretFluvCat38NbTraj","=K884 * IF(ISNUMBER(SEARCH(""Une estimation du nombre annuel de trajets pour ce type de barge"", F884)),1,0)","OUI","{""operator"":""AND"",""conditions"":[{""operator"":""OR"",""conditions"":[{""type"":""contains"",""excel_indicator_id"":""ActionsCharte"",""value"":""C4""},{""type"":""contains"",""excel_indicator_id"":""ActionsAutres"",""value"":""C4""}]},{""type"":""contains"",""excel_indicator_id"":""FretFluvCat38Request"",""value"":""Une estimation du nombre annuel de trajets pour ce type de barge""}]}"
"expost","FretFluvCat38Request","=K880","FretFluvCat38DistAn","=K884 * IF(ISNUMBER(SEARCH(""La distance parcourue annuellement pour ce type de barge"", F884)),1,0)","OUI","{""operator"":""AND"",""conditions"":[{""operator"":""OR"",""conditions"":[{""type"":""contains"",""excel_indicator_id"":""ActionsCharte"",""value"":""C4""},{""type"":""contains"",""excel_indicator_id"":""ActionsAutres"",""value"":""C4""}]},{""type"":""contains"",""excel_indicator_id"":""FretFluvCat38Request"",""value"":""La distance parcourue annuellement pour ce type de barge""}]}"
"expost","FretFluvCat39Request","=K891","FretFluvCat39NbTraj","=K895 * IF(ISNUMBER(SEARCH(""Une estimation du nombre annuel de trajets pour ce type de barge"", F895)),1,0)","OUI","{""operator"":""AND"",""conditions"":[{""operator"":""OR"",""conditions"":[{""type"":""contains"",""excel_indicator_id"":""ActionsCharte"",""value"":""C4""},{""type"":""contains"",""excel_indicator_id"":""ActionsAutres"",""value"":""C4""}]},{""type"":""contains"",""excel_indicator_id"":""FretFluvCat39Request"",""value"":""Une estimation du nombre annuel de trajets pour ce type de barge""}]}"
"expost","FretFluvCat39Request","=K891","FretFluvCat39DistAn","=K895 * IF(ISNUMBER(SEARCH(""La distance parcourue annuellement pour ce type de barge"", F895)),1,0)","OUI","{""operator"":""AND"",""conditions"":[{""operator"":""OR"",""conditions"":[{""type"":""contains"",""excel_indicator_id"":""ActionsCharte"",""value"":""C4""},{""type"":""contains"",""excel_indicator_id"":""ActionsAutres"",""value"":""C4""}]},{""type"":""contains"",""excel_indicator_id"":""FretFluvCat39Request"",""value"":""La distance parcourue annuellement pour ce type de barge""}]}"
"expost","FretFluvCat40Request","=K902","FretFluvCat40NbTraj","=K906 * IF(ISNUMBER(SEARCH(""Une estimation du nombre annuel de trajets pour ce type de barge"", F906)),1,0)","OUI","{""operator"":""AND"",""conditions"":[{""operator"":""OR"",""conditions"":[{""type"":""contains"",""excel_indicator_id"":""ActionsCharte"",""value"":""C4""},{""type"":""contains"",""excel_indicator_id"":""ActionsAutres"",""value"":""C4""}]},{""type"":""contains"",""excel_indicator_id"":""FretFluvCat40Request"",""value"":""Une estimation du nombre annuel de trajets pour ce type de barge""}]}"
"expost","FretFluvCat40Request","=K902","FretFluvCat40DistAn","=K906 * IF(ISNUMBER(SEARCH(""La distance parcourue annuellement pour ce type de barge"", F906)),1,0)","OUI","{""operator"":""AND"",""conditions"":[{""operator"":""OR"",""conditions"":[{""type"":""contains"",""excel_indicator_id"":""ActionsCharte"",""value"":""C4""},{""type"":""contains"",""excel_indicator_id"":""ActionsAutres"",""value"":""C4""}]},{""type"":""contains"",""excel_indicator_id"":""FretFluvCat40Request"",""value"":""La distance parcourue annuellement pour ce type de barge""}]}"
"expost","FretFluvCat41Request","=K913","FretFluvCat41NbTraj","=K917 * IF(ISNUMBER(SEARCH(""Une estimation du nombre annuel de trajets pour ce type de barge"", F917)),1,0)","OUI","{""operator"":""AND"",""conditions"":[{""operator"":""OR"",""conditions"":[{""type"":""contains"",""excel_indicator_id"":""ActionsCharte"",""value"":""C4""},{""type"":""contains"",""excel_indicator_id"":""ActionsAutres"",""value"":""C4""}]},{""type"":""contains"",""excel_indicator_id"":""FretFluvCat41Request"",""value"":""Une estimation du nombre annuel de trajets pour ce type de barge""}]}"
"expost","FretFluvCat41Request","=K913","FretFluvCat41DistAn","=K917 * IF(ISNUMBER(SEARCH(""La distance parcourue annuellement pour ce type de barge"", F917)),1,0)","OUI","{""operator"":""AND"",""conditions"":[{""operator"":""OR"",""conditions"":[{""type"":""contains"",""excel_indicator_id"":""ActionsCharte"",""value"":""C4""},{""type"":""contains"",""excel_indicator_id"":""ActionsAutres"",""value"":""C4""}]},{""type"":""contains"",""excel_indicator_id"":""FretFluvCat41Request"",""value"":""La distance parcourue annuellement pour ce type de barge""}]}"
"expost","FretFluvCat42Request","=K924","FretFluvCat42NbTraj","=K928 * IF(ISNUMBER(SEARCH(""Une estimation du nombre annuel de trajets pour ce type de barge"", F928)),1,0)","OUI","{""operator"":""AND"",""conditions"":[{""operator"":""OR"",""conditions"":[{""type"":""contains"",""excel_indicator_id"":""ActionsCharte"",""value"":""C4""},{""type"":""contains"",""excel_indicator_id"":""ActionsAutres"",""value"":""C4""}]},{""type"":""contains"",""excel_indicator_id"":""FretFluvCat42Request"",""value"":""Une estimation du nombre annuel de trajets pour ce type de barge""}]}"
"expost","FretFluvCat42Request","=K924","FretFluvCat42DistAn","=K928 * IF(ISNUMBER(SEARCH(""La distance parcourue annuellement pour ce type de barge"", F928)),1,0)","OUI","{""operator"":""AND"",""conditions"":[{""operator"":""OR"",""conditions"":[{""type"":""contains"",""excel_indicator_id"":""ActionsCharte"",""value"":""C4""},{""type"":""contains"",""excel_indicator_id"":""ActionsAutres"",""value"":""C4""}]},{""type"":""contains"",""excel_indicator_id"":""FretFluvCat42Request"",""value"":""La distance parcourue annuellement pour ce type de barge""}]}"
"expost","FretFluvCat43Request","=K935","FretFluvCat43NbTraj","=K939 * IF(ISNUMBER(SEARCH(""Une estimation du nombre annuel de trajets pour ce type de barge"", F939)),1,0)","OUI","{""operator"":""AND"",""conditions"":[{""operator"":""OR"",""conditions"":[{""type"":""contains"",""excel_indicator_id"":""ActionsCharte"",""value"":""C4""},{""type"":""contains"",""excel_indicator_id"":""ActionsAutres"",""value"":""C4""}]},{""type"":""contains"",""excel_indicator_id"":""FretFluvCat43Request"",""value"":""Une estimation du nombre annuel de trajets pour ce type de barge""}]}"
"expost","FretFluvCat43Request","=K935","FretFluvCat43DistAn","=K939 * IF(ISNUMBER(SEARCH(""La distance parcourue annuellement pour ce type de barge"", F939)),1,0)","OUI","{""operator"":""AND"",""conditions"":[{""operator"":""OR"",""conditions"":[{""type"":""contains"",""excel_indicator_id"":""ActionsCharte"",""value"":""C4""},{""type"":""contains"",""excel_indicator_id"":""ActionsAutres"",""value"":""C4""}]},{""type"":""contains"",""excel_indicator_id"":""FretFluvCat43Request"",""value"":""La distance parcourue annuellement pour ce type de barge""}]}"
"expost","FretFluvCat44Request","=K946","FretFluvCat44NbTraj","=K950 * IF(ISNUMBER(SEARCH(""Une estimation du nombre annuel de trajets pour ce type de barge"", F950)),1,0)","OUI","{""operator"":""AND"",""conditions"":[{""operator"":""OR"",""conditions"":[{""type"":""contains"",""excel_indicator_id"":""ActionsCharte"",""value"":""C4""},{""type"":""contains"",""excel_indicator_id"":""ActionsAutres"",""value"":""C4""}]},{""type"":""contains"",""excel_indicator_id"":""FretFluvCat44Request"",""value"":""Une estimation du nombre annuel de trajets pour ce type de barge""}]}"
"expost","FretFluvCat44Request","=K946","FretFluvCat44DistAn","=K950 * IF(ISNUMBER(SEARCH(""La distance parcourue annuellement pour ce type de barge"", F950)),1,0)","OUI","{""operator"":""AND"",""conditions"":[{""operator"":""OR"",""conditions"":[{""type"":""contains"",""excel_indicator_id"":""ActionsCharte"",""value"":""C4""},{""type"":""contains"",""excel_indicator_id"":""ActionsAutres"",""value"":""C4""}]},{""type"":""contains"",""excel_indicator_id"":""FretFluvCat44Request"",""value"":""La distance parcourue annuellement pour ce type de barge""}]}"
"expost","FretFluvCat45Request","=K957","FretFluvCat45NbTraj","=K961 * IF(ISNUMBER(SEARCH(""Une estimation du nombre annuel de trajets pour ce type de barge"", F961)),1,0)","OUI","{""operator"":""AND"",""conditions"":[{""operator"":""OR"",""conditions"":[{""type"":""contains"",""excel_indicator_id"":""ActionsCharte"",""value"":""C4""},{""type"":""contains"",""excel_indicator_id"":""ActionsAutres"",""value"":""C4""}]},{""type"":""contains"",""excel_indicator_id"":""FretFluvCat45Request"",""value"":""Une estimation du nombre annuel de trajets pour ce type de barge""}]}"
"expost","FretFluvCat45Request","=K957","FretFluvCat45DistAn","=K961 * IF(ISNUMBER(SEARCH(""La distance parcourue annuellement pour ce type de barge"", F961)),1,0)","OUI","{""operator"":""AND"",""conditions"":[{""operator"":""OR"",""conditions"":[{""type"":""contains"",""excel_indicator_id"":""ActionsCharte"",""value"":""C4""},{""type"":""contains"",""excel_indicator_id"":""ActionsAutres"",""value"":""C4""}]},{""type"":""contains"",""excel_indicator_id"":""FretFluvCat45Request"",""value"":""La distance parcourue annuellement pour ce type de barge""}]}"
"expost","FretFluvCat46Request","=K968","FretFluvCat46NbTraj","=K972 * IF(ISNUMBER(SEARCH(""Une estimation du nombre annuel de trajets pour ce type de barge"", F972)),1,0)","OUI","{""operator"":""AND"",""conditions"":[{""operator"":""OR"",""conditions"":[{""type"":""contains"",""excel_indicator_id"":""ActionsCharte"",""value"":""C4""},{""type"":""contains"",""excel_indicator_id"":""ActionsAutres"",""value"":""C4""}]},{""type"":""contains"",""excel_indicator_id"":""FretFluvCat46Request"",""value"":""Une estimation du nombre annuel de trajets pour ce type de barge""}]}"
"expost","FretFluvCat46Request","=K968","FretFluvCat46DistAn","=K972 * IF(ISNUMBER(SEARCH(""La distance parcourue annuellement pour ce type de barge"", F972)),1,0)","OUI","{""operator"":""AND"",""conditions"":[{""operator"":""OR"",""conditions"":[{""type"":""contains"",""excel_indicator_id"":""ActionsCharte"",""value"":""C4""},{""type"":""contains"",""excel_indicator_id"":""ActionsAutres"",""value"":""C4""}]},{""type"":""contains"",""excel_indicator_id"":""FretFluvCat46Request"",""value"":""La distance parcourue annuellement pour ce type de barge""}]}"
"expost","FretFluvCat47Request","=K979","FretFluvCat47NbTraj","=K983 * IF(ISNUMBER(SEARCH(""Une estimation du nombre annuel de trajets pour ce type de barge"", F983)),1,0)","OUI","{""operator"":""AND"",""conditions"":[{""operator"":""OR"",""conditions"":[{""type"":""contains"",""excel_indicator_id"":""ActionsCharte"",""value"":""C4""},{""type"":""contains"",""excel_indicator_id"":""ActionsAutres"",""value"":""C4""}]},{""type"":""contains"",""excel_indicator_id"":""FretFluvCat47Request"",""value"":""Une estimation du nombre annuel de trajets pour ce type de barge""}]}"
"expost","FretFluvCat47Request","=K979","FretFluvCat47DistAn","=K983 * IF(ISNUMBER(SEARCH(""La distance parcourue annuellement pour ce type de barge"", F983)),1,0)","OUI","{""operator"":""AND"",""conditions"":[{""operator"":""OR"",""conditions"":[{""type"":""contains"",""excel_indicator_id"":""ActionsCharte"",""value"":""C4""},{""type"":""contains"",""excel_indicator_id"":""ActionsAutres"",""value"":""C4""}]},{""type"":""contains"",""excel_indicator_id"":""FretFluvCat47Request"",""value"":""La distance parcourue annuellement pour ce type de barge""}]}"
"expost","FretFluvCat48Request","=K990","FretFluvCat48NbTraj","=K994 * IF(ISNUMBER(SEARCH(""Une estimation du nombre annuel de trajets pour ce type de barge"", F994)),1,0)","OUI","{""operator"":""AND"",""conditions"":[{""operator"":""OR"",""conditions"":[{""type"":""contains"",""excel_indicator_id"":""ActionsCharte"",""value"":""C4""},{""type"":""contains"",""excel_indicator_id"":""ActionsAutres"",""value"":""C4""}]},{""type"":""contains"",""excel_indicator_id"":""FretFluvCat48Request"",""value"":""Une estimation du nombre annuel de trajets pour ce type de barge""}]}"
"expost","FretFluvCat48Request","=K990","FretFluvCat48DistAn","=K994 * IF(ISNUMBER(SEARCH(""La distance parcourue annuellement pour ce type de barge"", F994)),1,0)","OUI","{""operator"":""AND"",""conditions"":[{""operator"":""OR"",""conditions"":[{""type"":""contains"",""excel_indicator_id"":""ActionsCharte"",""value"":""C4""},{""type"":""contains"",""excel_indicator_id"":""ActionsAutres"",""value"":""C4""}]},{""type"":""contains"",""excel_indicator_id"":""FretFluvCat48Request"",""value"":""La distance parcourue annuellement pour ce type de barge""}]}"
"expost","FretFluvCat49Request","=K1001","FretFluvCat49NbTraj","=K1005 * IF(ISNUMBER(SEARCH(""Une estimation du nombre annuel de trajets pour ce type de barge"", F1005)),1,0)","OUI","{""operator"":""AND"",""conditions"":[{""operator"":""OR"",""conditions"":[{""type"":""contains"",""excel_indicator_id"":""ActionsCharte"",""value"":""C4""},{""type"":""contains"",""excel_indicator_id"":""ActionsAutres"",""value"":""C4""}]},{""type"":""contains"",""excel_indicator_id"":""FretFluvCat49Request"",""value"":""Une estimation du nombre annuel de trajets pour ce type de barge""}]}"
"expost","FretFluvCat49Request","=K1001","FretFluvCat49DistAn","=K1005 * IF(ISNUMBER(SEARCH(""La distance parcourue annuellement pour ce type de barge"", F1005)),1,0)","OUI","{""operator"":""AND"",""conditions"":[{""operator"":""OR"",""conditions"":[{""type"":""contains"",""excel_indicator_id"":""ActionsCharte"",""value"":""C4""},{""type"":""contains"",""excel_indicator_id"":""ActionsAutres"",""value"":""C4""}]},{""type"":""contains"",""excel_indicator_id"":""FretFluvCat49Request"",""value"":""La distance parcourue annuellement pour ce type de barge""}]}"
"expost","FretFluvCat50Request","=K1012","FretFluvCat50NbTraj","=K1016 * IF(ISNUMBER(SEARCH(""Une estimation du nombre annuel de trajets pour ce type de barge"", F1016)),1,0)","OUI","{""operator"":""AND"",""conditions"":[{""operator"":""OR"",""conditions"":[{""type"":""contains"",""excel_indicator_id"":""ActionsCharte"",""value"":""C4""},{""type"":""contains"",""excel_indicator_id"":""ActionsAutres"",""value"":""C4""}]},{""type"":""contains"",""excel_indicator_id"":""FretFluvCat50Request"",""value"":""Une estimation du nombre annuel de trajets pour ce type de barge""}]}"
"expost","FretFluvCat50Request","=K1012","FretFluvCat50DistAn","=K1016 * IF(ISNUMBER(SEARCH(""La distance parcourue annuellement pour ce type de barge"", F1016)),1,0)","OUI","{""operator"":""AND"",""conditions"":[{""operator"":""OR"",""conditions"":[{""type"":""contains"",""excel_indicator_id"":""ActionsCharte"",""value"":""C4""},{""type"":""contains"",""excel_indicator_id"":""ActionsAutres"",""value"":""C4""}]},{""type"":""contains"",""excel_indicator_id"":""FretFluvCat50Request"",""value"":""La distance parcourue annuellement pour ce type de barge""}]}"
"expost","FretFluvCat51Request","=K1023","FretFluvCat51NbTraj","=K1027 * IF(ISNUMBER(SEARCH(""Une estimation du nombre annuel de trajets pour ce type de barge"", F1027)),1,0)","OUI","{""operator"":""AND"",""conditions"":[{""operator"":""OR"",""conditions"":[{""type"":""contains"",""excel_indicator_id"":""ActionsCharte"",""value"":""C4""},{""type"":""contains"",""excel_indicator_id"":""ActionsAutres"",""value"":""C4""}]},{""type"":""contains"",""excel_indicator_id"":""FretFluvCat51Request"",""value"":""Une estimation du nombre annuel de trajets pour ce type de barge""}]}"
"expost","FretFluvCat51Request","=K1023","FretFluvCat51DistAn","=K1027 * IF(ISNUMBER(SEARCH(""La distance parcourue annuellement pour ce type de barge"", F1027)),1,0)","OUI","{""operator"":""AND"",""conditions"":[{""operator"":""OR"",""conditions"":[{""type"":""contains"",""excel_indicator_id"":""ActionsCharte"",""value"":""C4""},{""type"":""contains"",""excel_indicator_id"":""ActionsAutres"",""value"":""C4""}]},{""type"":""contains"",""excel_indicator_id"":""FretFluvCat51Request"",""value"":""La distance parcourue annuellement pour ce type de barge""}]}"
"expost","FretFluvCat52Request","=K1034","FretFluvCat52NbTraj","=K1038 * IF(ISNUMBER(SEARCH(""Une estimation du nombre annuel de trajets pour ce type de barge"", F1038)),1,0)","OUI","{""operator"":""AND"",""conditions"":[{""operator"":""OR"",""conditions"":[{""type"":""contains"",""excel_indicator_id"":""ActionsCharte"",""value"":""C4""},{""type"":""contains"",""excel_indicator_id"":""ActionsAutres"",""value"":""C4""}]},{""type"":""contains"",""excel_indicator_id"":""FretFluvCat52Request"",""value"":""Une estimation du nombre annuel de trajets pour ce type de barge""}]}"
"expost","FretFluvCat52Request","=K1034","FretFluvCat52DistAn","=K1038 * IF(ISNUMBER(SEARCH(""La distance parcourue annuellement pour ce type de barge"", F1038)),1,0)","OUI","{""operator"":""AND"",""conditions"":[{""operator"":""OR"",""conditions"":[{""type"":""contains"",""excel_indicator_id"":""ActionsCharte"",""value"":""C4""},{""type"":""contains"",""excel_indicator_id"":""ActionsAutres"",""value"":""C4""}]},{""type"":""contains"",""excel_indicator_id"":""FretFluvCat52Request"",""value"":""La distance parcourue annuellement pour ce type de barge""}]}"
"expost","FretFluvCat53Request","=K1045","FretFluvCat53NbTraj","=K1049 * IF(ISNUMBER(SEARCH(""Une estimation du nombre annuel de trajets pour ce type de barge"", F1049)),1,0)","OUI","{""operator"":""AND"",""conditions"":[{""operator"":""OR"",""conditions"":[{""type"":""contains"",""excel_indicator_id"":""ActionsCharte"",""value"":""C4""},{""type"":""contains"",""excel_indicator_id"":""ActionsAutres"",""value"":""C4""}]},{""type"":""contains"",""excel_indicator_id"":""FretFluvCat53Request"",""value"":""Une estimation du nombre annuel de trajets pour ce type de barge""}]}"
"expost","FretFluvCat53Request","=K1045","FretFluvCat53DistAn","=K1049 * IF(ISNUMBER(SEARCH(""La distance parcourue annuellement pour ce type de barge"", F1049)),1,0)","OUI","{""operator"":""AND"",""conditions"":[{""operator"":""OR"",""conditions"":[{""type"":""contains"",""excel_indicator_id"":""ActionsCharte"",""value"":""C4""},{""type"":""contains"",""excel_indicator_id"":""ActionsAutres"",""value"":""C4""}]},{""type"":""contains"",""excel_indicator_id"":""FretFluvCat53Request"",""value"":""La distance parcourue annuellement pour ce type de barge""}]}"
"expost","FretFluvCat54Request","=K1056","FretFluvCat54NbTraj","=K1060 * IF(ISNUMBER(SEARCH(""Une estimation du nombre annuel de trajets pour ce type de barge"", F1060)),1,0)","OUI","{""operator"":""AND"",""conditions"":[{""operator"":""OR"",""conditions"":[{""type"":""contains"",""excel_indicator_id"":""ActionsCharte"",""value"":""C4""},{""type"":""contains"",""excel_indicator_id"":""ActionsAutres"",""value"":""C4""}]},{""type"":""contains"",""excel_indicator_id"":""FretFluvCat54Request"",""value"":""Une estimation du nombre annuel de trajets pour ce type de barge""}]}"
"expost","FretFluvCat54Request","=K1056","FretFluvCat54DistAn","=K1060 * IF(ISNUMBER(SEARCH(""La distance parcourue annuellement pour ce type de barge"", F1060)),1,0)","OUI","{""operator"":""AND"",""conditions"":[{""operator"":""OR"",""conditions"":[{""type"":""contains"",""excel_indicator_id"":""ActionsCharte"",""value"":""C4""},{""type"":""contains"",""excel_indicator_id"":""ActionsAutres"",""value"":""C4""}]},{""type"":""contains"",""excel_indicator_id"":""FretFluvCat54Request"",""value"":""La distance parcourue annuellement pour ce type de barge""}]}"
"expost","FretFluvCat55Request","=K1067","FretFluvCat55NbTraj","=K1071 * IF(ISNUMBER(SEARCH(""Une estimation du nombre annuel de trajets pour ce type de barge"", F1071)),1,0)","OUI","{""operator"":""AND"",""conditions"":[{""operator"":""OR"",""conditions"":[{""type"":""contains"",""excel_indicator_id"":""ActionsCharte"",""value"":""C4""},{""type"":""contains"",""excel_indicator_id"":""ActionsAutres"",""value"":""C4""}]},{""type"":""contains"",""excel_indicator_id"":""FretFluvCat55Request"",""value"":""Une estimation du nombre annuel de trajets pour ce type de barge""}]}"
"expost","FretFluvCat55Request","=K1067","FretFluvCat55DistAn","=K1071 * IF(ISNUMBER(SEARCH(""La distance parcourue annuellement pour ce type de barge"", F1071)),1,0)","OUI","{""operator"":""AND"",""conditions"":[{""operator"":""OR"",""conditions"":[{""type"":""contains"",""excel_indicator_id"":""ActionsCharte"",""value"":""C4""},{""type"":""contains"",""excel_indicator_id"":""ActionsAutres"",""value"":""C4""}]},{""type"":""contains"",""excel_indicator_id"":""FretFluvCat55Request"",""value"":""La distance parcourue annuellement pour ce type de barge""}]}"
"expost","FretFluvCat56Request","=K1078","FretFluvCat56NbTraj","=K1082 * IF(ISNUMBER(SEARCH(""Une estimation du nombre annuel de trajets pour ce type de barge"", F1082)),1,0)","OUI","{""operator"":""AND"",""conditions"":[{""operator"":""OR"",""conditions"":[{""type"":""contains"",""excel_indicator_id"":""ActionsCharte"",""value"":""C4""},{""type"":""contains"",""excel_indicator_id"":""ActionsAutres"",""value"":""C4""}]},{""type"":""contains"",""excel_indicator_id"":""FretFluvCat56Request"",""value"":""Une estimation du nombre annuel de trajets pour ce type de barge""}]}"
"expost","FretFluvCat56Request","=K1078","FretFluvCat56DistAn","=K1082 * IF(ISNUMBER(SEARCH(""La distance parcourue annuellement pour ce type de barge"", F1082)),1,0)","OUI","{""operator"":""AND"",""conditions"":[{""operator"":""OR"",""conditions"":[{""type"":""contains"",""excel_indicator_id"":""ActionsCharte"",""value"":""C4""},{""type"":""contains"",""excel_indicator_id"":""ActionsAutres"",""value"":""C4""}]},{""type"":""contains"",""excel_indicator_id"":""FretFluvCat56Request"",""value"":""La distance parcourue annuellement pour ce type de barge""}]}"
"expost","FretFerrMot","=IF(OR(ISNUMBER(SEARCH(""C4"",$F$18)),
       ISNUMBER(SEARCH(""C4"",$F$17))),
1,0)","FretFerrVolumeElec","=K1089 *
IF(ISNUMBER(SEARCH(""Electrique"",$F$1089)),1,0)","OUI","{""operator"":""AND"",""conditions"":[{""operator"":""OR"",""conditions"":[{""type"":""contains"",""excel_indicator_id"":""ActionsCharte"",""value"":""C4""},{""type"":""contains"",""excel_indicator_id"":""ActionsAutres"",""value"":""C4""}]},{""type"":""contains"",""excel_indicator_id"":""FretFerrMot"",""value"":""Electrique""}]}"
"expost","FretFerrMot","=IF(OR(ISNUMBER(SEARCH(""C4"",$F$18)),
       ISNUMBER(SEARCH(""C4"",$F$17))),
1,0)","FretFerrVolumeDies","=K1089 *
IF(ISNUMBER(SEARCH(""Diesel"",$F$1089)),1,0)","OUI","{""operator"":""AND"",""conditions"":[{""operator"":""OR"",""conditions"":[{""type"":""contains"",""excel_indicator_id"":""ActionsCharte"",""value"":""C4""},{""type"":""contains"",""excel_indicator_id"":""ActionsAutres"",""value"":""C4""}]},{""type"":""contains"",""excel_indicator_id"":""FretFerrMot"",""value"":""Diesel""}]}"
"expost","Cyclolog","=IF(OR(ISNUMBER(SEARCH(""C4"",$F$18)),
       ISNUMBER(SEARCH(""C4"",$F$17))),
1,0)","CyclologVolume","=K1092 *
IF($F$1092=""Oui"",1,0)","OUI","{""operator"":""AND"",""conditions"":[{""operator"":""OR"",""conditions"":[{""type"":""contains"",""excel_indicator_id"":""ActionsCharte"",""value"":""C4""},{""type"":""contains"",""excel_indicator_id"":""ActionsAutres"",""value"":""C4""}]},{""type"":""equals"",""excel_indicator_id"":""Cyclolog"",""value"":""Oui""}]}"